Time (sec),AF Correction 1 (%),AF Learning 1 (%),AF Sens 1 Ratio (AFR),AVCS Exh Left (retard (degrees)),AVCS Exh Right (retard (degrees)),AVCS In Left (advance (degrees)),AVCS In Right (advance (degrees)),Accel Position (%),Baro Pressure (psi),Boost (psi),Calculated Load (g/rev),Closed Loop Sw (status),Comm Fuel Final (AFR),Coolant Temp (F),Dyn Adv Mult (value),Feedback Knock (degrees),Fine Knock Learn (degrees),Fuel Pressure (psi),Gear Position (gear),Ignition Timing (degrees),Inj Duty Cycle (%),Intake Temp (F),Intake Temp Manifold (F),Limits Boost Table Base Rel SL (psi),MAF Freq (kHz),Oil Temp (F),RPM (RPM),Req Torque (N-m),Roughness Cyl 1 (misfire count),Roughness Cyl 2 (misfire count),Roughness Cyl 3 (misfire count),Roughness Cyl 4 (misfire count),TGV Map Ratio (multiplier),Target Boost Final Rel SL (psi),Throttle Pos (%),Wastegate Pos Actual (mm),"AP Info:[AP3-SUB-006 v1.7.4.2-22148][2022 USDM WRX MT][Reflash: Stage1 93 v110.ptm]"
0.000,0.0,-1.17,21.90,11,9,-26,-22,9.3,14.21,-10.05,0.28,0,12.22,189,1.000,0.00,0.00,496,3,21.5,2.24,37,57,8.0,3.786,203,2034,31.61,0,0,0,0,0.000,-8.22,10.3,10.693,0
0.023,0.0,-1.17,20.83,14,11,-27,-22,10.5,14.21,-9.91,0.29,0,12.18,189,1.000,0.00,0.00,557,3,23.0,2.34,37,57,8.1,3.800,203,2052,36.11,0,0,0,0,0.000,-8.05,10.9,10.687,0
0.034,0.0,-1.17,19.54,16,13,-27,-22,11.2,14.21,-9.76,0.29,0,12.22,189,1.000,0.00,0.00,577,3,24.0,2.34,37,57,8.1,3.824,203,2059,38.89,0,0,0,0,0.000,-7.92,11.1,10.693,0
0.047,0.0,-1.17,18.59,16,13,-27,-22,12.1,14.21,-9.64,0.31,0,12.22,189,1.000,0.00,0.00,601,3,25.0,2.35,37,57,8.1,3.974,203,2063,42.80,0,0,0,0,0.000,-7.72,11.5,10.693,0
0.060,0.0,-1.17,17.59,20,17,-26,-21,12.8,14.21,-9.42,0.33,0,12.18,189,1.000,0.00,0.00,647,3,25.5,2.47,37,57,8.1,4.035,203,2061,45.65,0,0,0,0,0.000,-7.57,11.8,10.693,0
0.088,0.0,-1.17,17.16,24,20,-26,-21,13.1,14.21,-9.35,0.34,0,12.18,190,1.000,0.00,0.00,696,3,25.5,2.46,37,57,8.1,3.971,203,2058,47.11,0,0,0,0,0.000,-7.50,12.0,10.693,0
0.101,0.0,-1.17,16.48,24,20,-26,-21,13.8,14.21,-9.22,0.36,0,12.18,190,1.000,0.00,0.00,746,3,26.0,2.39,37,57,8.1,4.077,203,2050,50.04,0,0,0,0,0.000,-7.39,12.2,10.693,0
0.142,0.0,-1.17,16.55,26,22,-25,-21,14.1,14.21,-9.10,0.36,0,12.14,190,1.000,0.00,0.00,794,3,27.0,2.38,37,57,8.1,4.070,203,2045,51.21,0,0,0,0,0.000,-7.33,12.3,10.693,0
0.175,0.0,-1.17,15.74,26,22,-25,-21,15.6,14.21,-8.92,0.37,0,12.14,190,1.000,0.00,0.00,900,3,27.5,2.38,37,57,8.0,4.117,203,2042,57.16,0,0,0,0,0.000,-7.07,13.0,10.693,0
0.188,0.0,-1.17,14.36,26,24,-25,-21,17.2,14.21,-8.68,0.40,0,14.47,190,1.000,0.00,0.00,953,3,28.5,2.37,37,57,8.1,4.210,203,2046,61.74,0,0,0,0,0.000,-6.86,13.6,10.693,0
0.232,7.0,-1.17,14.88,27,27,-24,-22,18.3,14.21,-8.21,0.40,1,12.89,190,1.000,0.00,0.00,979,3,28.0,2.37,37,57,8.1,4.298,203,2050,64.79,0,0,0,0,0.000,-6.72,13.9,10.687,0
0.250,7.0,-1.17,14.36,30,30,-24,-22,20.8,14.21,-8.12,0.43,1,12.93,190,1.000,0.00,0.00,994,3,27.0,2.62,37,57,8.1,4.386,203,2057,69.38,0,0,0,0,0.000,-6.50,14.4,10.693,0
0.254,7.0,-1.17,14.28,30,30,-24,-22,21.9,14.21,-7.93,0.43,1,12.93,190,1.000,0.00,0.00,1038,3,26.5,2.62,37,57,8.1,4.417,203,2059,70.94,0,0,0,0,0.000,-6.43,14.5,10.693,0
0.288,7.0,-1.17,14.12,30,30,-24,-22,24.0,14.21,-7.36,0.45,1,12.93,190,1.000,0.00,0.00,1089,3,26.5,2.62,37,57,8.1,4.447,203,2059,74.14,0,0,0,0,0.000,-6.28,14.8,10.687,0
0.311,4.7,-1.17,13.61,37,36,-24,-23,30.0,14.21,-6.73,0.50,1,12.89,190,1.000,0.00,0.00,1145,3,24.0,2.73,37,57,8.1,4.529,203,2058,82.62,0,0,0,0,0.000,-5.90,15.9,10.693,0
0.344,4.7,-1.17,13.70,37,36,-24,-23,33.4,14.21,-6.93,0.51,1,12.89,190,1.000,0.00,0.00,1191,3,23.5,2.95,37,57,8.1,4.628,203,2059,86.24,0,0,0,0,0.000,-5.74,16.4,10.693,0
0.347,4.7,-1.17,13.42,37,36,-24,-23,35.3,14.21,-6.38,0.53,1,12.93,190,1.000,0.00,0.00,1234,3,23.0,2.95,37,57,8.1,4.666,203,2060,88.10,0,0,0,0,0.000,-5.65,16.6,10.693,0
0.361,2.3,-1.17,13.28,42,40,-24,-23,39.3,14.21,-5.73,0.54,1,12.89,190,1.000,0.00,0.00,1270,3,21.0,2.95,37,57,8.1,4.715,203,2061,91.98,0,0,0,0,0.000,-5.47,17.4,10.681,0
0.406,2.3,-1.17,13.00,42,40,-24,-23,43.5,14.21,-5.89,0.54,1,12.89,190,1.000,0.00,0.00,1256,3,20.5,2.96,37,57,8.1,4.743,203,2067,96.14,0,0,0,0,0.000,-5.29,18.2,10.693,0
0.431,0.0,-1.17,12.66,43,43,-24,-23,52.9,14.21,-4.71,0.61,1,12.84,190,1.000,0.00,0.00,1283,3,17.5,3.13,37,57,8.1,4.921,203,2080,107.80,0,0,0,0,0.000,-4.76,19.5,10.693,0
0.448,-0.8,-1.17,12.53,43,42,-24,-23,57.5,14.21,-4.71,0.64,1,12.84,190,1.000,0.00,0.00,1303,3,16.0,3.29,37,57,8.1,4.914,203,2087,112.99,0,0,0,0,0.000,-4.53,20.1,10.699,0
0.484,-0.8,-1.17,12.43,43,42,-24,-23,59.8,14.21,-4.08,0.65,1,12.80,190,1.000,0.00,0.00,1308,3,17.0,3.29,37,57,8.1,5.004,203,2087,115.73,0,0,0,0,0.000,-4.40,20.5,10.693,0
0.500,-3.9,-1.17,12.54,39,40,-22,-21,68.8,14.21,-3.61,0.70,1,12.80,190,1.000,0.00,0.00,1413,3,17.0,3.30,37,55,8.3,5.058,203,2093,127.53,0,0,0,0,0.000,-3.88,22.0,10.693,0
0.528,-3.9,-1.17,12.64,37,34,-19,-18,71.1,14.21,-3.60,0.73,1,12.80,190,1.000,0.00,0.00,1446,3,18.0,3.53,37,55,8.3,5.098,203,2094,130.70,0,0,0,0,0.000,-3.73,22.4,10.699,0
0.541,-3.9,-1.17,12.74,37,34,-19,-18,75.8,14.21,-3.15,0.74,1,12.80,190,1.000,0.00,0.00,1414,3,18.5,3.53,37,55,8.3,5.202,203,2092,137.30,0,0,0,0,0.000,-3.43,23.1,10.699,0
0.573,-1.6,-1.17,12.94,36,31,-14,-13,81.1,14.21,-3.03,0.78,1,12.80,190,1.000,0.00,0.00,1448,3,19.0,3.53,37,55,8.3,5.257,203,2093,144.29,0,0,0,0,0.000,-3.11,24.0,10.705,0
0.591,-1.6,-1.17,13.09,36,31,-14,-13,86.8,14.21,-2.51,0.79,1,12.80,190,1.000,0.00,0.00,1501,3,18.0,3.92,37,55,8.3,5.219,203,2099,151.70,0,0,0,0,0.000,-2.77,24.7,10.717,0
0.615,0.0,-1.17,13.35,35,29,-9,-6,95.2,14.21,-2.19,0.82,1,12.80,190,1.000,0.00,0.00,1671,3,18.5,3.92,37,55,8.3,5.289,203,2101,163.62,0,0,0,0,0.000,-2.32,25.7,10.711,0
0.631,0.0,-1.17,13.44,35,29,-9,-6,100.0,14.21,-2.01,0.87,1,12.84,190,1.000,0.00,0.00,1612,3,17.5,4.23,37,55,8.3,5.352,203,2106,172.08,0,0,0,0,0.000,-2.08,26.9,10.711,0
0.675,2.3,-1.17,13.63,35,29,-5,-2,100.0,14.21,-1.78,0.88,1,12.80,190,1.000,0.00,0.00,2081,3,18.0,4.24,37,55,8.3,5.325,203,2110,180.60,0,0,0,0,0.000,-1.73,27.6,10.723,0
0.698,2.3,-1.17,13.59,34,29,1,3,100.0,14.21,-1.45,0.95,1,12.80,190,1.000,0.00,0.00,2456,3,16.5,3.87,37,55,8.3,5.375,203,2121,197.65,0,0,0,0,0.020,-0.92,34.4,10.735,0
0.753,2.3,-1.17,13.53,34,29,1,3,100.0,14.21,-1.09,0.96,1,12.76,190,1.000,0.00,0.00,2626,3,16.0,3.87,37,55,8.3,5.614,203,2121,206.18,0,0,0,0,0.040,-0.41,35.6,10.723,0
0.795,1.6,-1.17,13.19,32,28,3,7,100.0,14.21,-0.82,1.12,1,12.76,190,1.000,0.00,0.00,3016,3,12.5,3.90,37,55,8.3,5.764,203,2133,231.75,0,0,0,0,0.145,0.69,61.3,10.144,0
0.819,0.8,-1.17,12.84,29,24,3,6,100.0,14.21,-0.33,1.19,1,12.89,190,1.000,0.00,0.00,2874,3,13.5,4.18,37,55,8.4,5.800,203,2143,248.65,0,0,0,0,0.571,1.48,100.0,9.344,0
0.852,0.8,-1.17,12.87,29,24,3,6,100.0,14.21,-0.17,1.29,1,12.93,190,1.000,0.00,0.00,3037,3,14.5,4.20,37,55,8.4,6.069,203,2152,261.32,0,0,0,0,0.601,2.05,100.0,8.455,0
0.856,0.8,-1.17,12.58,21,19,3,6,100.0,14.21,-0.15,1.30,1,12.98,190,1.000,0.00,0.00,2940,3,13.0,4.49,37,55,8.4,5.989,203,2163,265.55,0,0,0,0,0.640,2.17,100.0,7.778,0
0.878,0.8,-1.17,12.94,21,19,3,6,100.0,14.21,-0.13,1.32,1,12.98,190,1.000,0.00,0.00,3016,3,12.0,4.50,37,55,8.4,5.722,203,2167,274.00,0,0,0,0,0.660,3.03,100.0,6.344,0
0.902,0.0,-1.17,12.88,15,13,4,6,100.0,14.21,-0.05,1.33,1,12.98,190,1.000,0.00,0.00,2939,3,11.0,4.54,37,55,8.5,5.661,203,2183,286.68,0,0,0,0,0.689,4.57,100.0,4.524,0
0.909,0.0,-1.17,12.90,15,13,4,6,100.0,14.21,-0.14,1.35,1,12.98,190,1.000,0.00,0.00,2990,3,10.5,4.57,37,55,8.5,6.041,203,2184,295.12,0,0,0,0,0.710,4.86,100.0,3.584,0
0.944,-0.8,-1.17,12.82,13,10,4,7,100.0,14.21,-0.04,1.33,1,12.98,190,1.000,0.00,0.00,3022,3,11.0,4.56,37,55,8.5,6.084,203,2183,299.35,0,0,0,0,0.720,4.99,100.0,3.321,0
0.974,-0.8,-1.17,13.08,11,9,7,8,100.0,14.21,0.04,1.37,1,12.98,190,1.000,0.00,0.00,2861,3,11.0,4.69,37,55,8.5,6.095,203,2188,312.03,0,0,0,0,0.749,5.49,100.0,3.069,0
0.987,-0.8,-1.17,13.15,11,9,7,8,100.0,14.21,0.05,1.40,1,12.98,190,1.000,0.00,0.00,2958,3,11.0,4.69,37,54,8.5,6.103,203,2192,324.70,0,0,0,0,0.780,6.12,100.0,2.570,0
1.024,0.0,-1.17,13.18,12,10,10,11,100.0,14.21,0.12,1.40,1,12.98,190,1.000,0.00,0.00,2959,3,11.0,4.70,37,54,8.5,6.104,203,2196,328.93,0,0,0,0,0.789,6.41,100.0,2.369,0
1.072,1.6,-1.17,13.42,13,11,12,13,100.0,14.21,0.23,1.40,1,13.16,190,1.000,-1.05,0.00,2947,3,10.0,5.04,37,54,8.5,6.239,203,2219,345.83,0,0,0,0,0.829,7.14,100.0,1.636,0
1.107,0.8,-1.17,13.40,14,13,14,14,100.0,14.21,0.24,1.44,1,13.34,190,1.000,-1.05,0.00,3005,3,8.5,5.14,37,54,8.7,6.134,203,2231,350.00,0,0,0,0,0.869,7.88,100.0,0.903,0
1.111,0.8,-1.17,13.31,14,13,14,14,100.0,14.21,0.43,1.46,1,13.34,190,1.000,-1.05,0.00,3030,3,8.5,5.14,37,54,8.7,6.241,203,2231,350.00,0,0,0,0,0.879,7.88,100.0,0.787,0
1.138,0.8,-1.17,13.44,14,13,14,14,100.0,14.21,0.47,1.47,1,13.39,190,1.000,-1.05,0.00,2964,3,8.5,5.14,37,54,8.7,6.071,203,2234,350.00,0,0,0,0,0.909,7.89,100.0,0.671,0
1.141,0.8,-1.17,13.44,16,13,14,15,100.0,14.21,0.62,1.51,1,13.49,190,1.000,-1.05,0.00,3000,3,8.5,5.04,37,54,8.7,6.044,203,2237,350.00,0,0,0,0,0.919,7.90,100.0,0.671,0
1.160,0.8,-1.17,13.54,16,13,14,15,100.0,14.21,0.54,1.51,1,13.59,190,1.000,-1.05,0.00,3038,3,8.5,5.05,37,54,8.7,6.353,203,2242,350.00,0,0,0,0,0.939,7.91,100.0,0.671,0
1.184,1.6,-1.17,13.45,17,14,14,15,100.0,14.21,0.68,1.52,1,13.63,190,1.000,-1.05,0.00,2991,3,8.5,5.06,37,54,8.7,6.344,203,2245,350.00,0,0,0,0,0.949,7.92,100.0,0.671,0
1.197,1.6,-1.17,13.72,17,14,14,15,100.0,14.21,0.82,1.55,1,13.78,190,1.000,-1.05,0.00,2975,3,7.5,5.21,37,54,8.7,6.262,203,2256,350.00,0,0,0,0,0.969,7.95,100.0,0.671,0
1.210,2.3,-1.17,13.67,18,15,14,16,100.0,14.21,1.07,1.58,1,13.94,190,1.000,-1.05,0.00,3051,3,7.5,5.26,37,54,8.8,6.516,203,2278,350.00,0,0,0,0,1.000,8.02,100.0,0.671,0
1.264,3.1,-1.17,13.85,19,16,14,16,100.0,14.21,1.45,1.60,1,13.99,190,1.000,-1.05,0.00,2997,3,8.0,5.40,37,54,8.8,6.487,203,2293,350.00,0,0,0,0,1.000,8.06,100.0,0.671,0
1.287,3.1,-1.17,13.79,19,16,14,16,100.0,14.21,1.46,1.61,1,14.20,190,1.000,-1.05,0.00,2884,3,8.0,5.43,37,54,8.8,6.336,203,2302,350.00,0,0,0,0,1.000,8.09,100.0,0.671,0
1.300,3.1,-1.17,13.90,21,17,14,16,100.0,14.21,1.67,1.66,1,14.31,190,1.000,-1.05,0.00,2981,3,7.0,5.76,37,54,8.8,6.326,203,2306,350.00,0,0,0,0,1.000,8.11,100.0,0.671,0
1.324,3.9,-1.17,13.84,22,19,14,16,100.0,14.21,1.89,1.69,1,14.36,190,1.000,-1.05,0.00,3043,3,7.0,5.76,37,54,8.8,6.660,203,2309,350.00,0,0,0,0,1.000,8.11,100.0,0.671,0
1.355,3.9,-1.17,13.93,22,19,14,16,100.0,14.21,2.07,1.72,1,14.47,190,1.000,-1.05,0.00,2953,3,7.0,5.70,37,54,8.8,6.314,203,2311,350.00,0,0,0,0,1.000,8.12,100.0,0.671,0
1.382,4.7,-1.17,14.11,23,20,14,16,100.0,14.21,2.47,1.72,1,14.53,190,1.000,-1.05,0.00,2915,3,6.0,5.73,37,54,9.0,6.391,203,2327,350.00,0,0,0,0,1.000,8.17,100.0,0.671,0
1.414,4.7,-1.17,14.17,23,20,14,16,100.0,14.21,2.41,1.80,1,14.53,190,1.000,-1.05,0.00,2952,3,6.5,6.03,37,54,9.0,6.431,203,2331,350.00,0,0,0,0,1.000,8.18,100.0,0.671,0
1.437,5.5,-1.17,14.18,23,21,14,15,100.0,14.21,2.80,1.77,1,14.53,190,1.000,-1.05,0.00,2963,3,5.5,6.07,37,54,9.0,6.823,203,2347,350.00,0,0,0,0,1.000,8.23,100.0,0.671,0
1.475,6.2,-1.17,14.23,23,22,14,15,100.0,14.21,3.00,1.82,1,14.53,190,1.000,-1.05,0.00,2777,3,5.5,6.47,37,54,9.1,6.729,203,2364,350.00,0,0,0,0,1.000,8.28,100.0,0.671,0
1.516,7.0,-1.17,14.18,23,22,14,15,100.0,14.21,3.28,1.86,1,14.53,190,1.000,-1.05,0.00,2941,3,4.5,6.80,37,52,9.1,6.761,203,2386,350.00,0,0,0,0,1.000,8.35,100.0,0.671,0
1.539,7.8,-1.17,14.19,23,22,14,15,100.0,14.21,3.76,1.96,1,14.53,190,1.000,-1.05,0.00,2874,3,4.5,7.23,37,52,9.3,6.697,203,2406,350.00,0,0,0,0,1.000,8.44,100.0,0.671,0
1.558,7.8,-1.17,14.09,23,22,14,15,100.0,14.21,4.02,1.97,1,14.36,190,1.000,-0.70,0.00,2908,3,4.5,7.26,37,52,9.3,6.738,203,2416,350.00,0,0,0,0,1.000,8.53,100.0,0.671,0
1.581,7.8,-1.17,14.11,23,22,14,15,100.0,14.21,4.42,1.96,1,14.20,190,1.000,-0.70,0.00,2902,3,4.0,7.26,37,52,9.3,6.822,203,2415,350.00,0,0,0,0,1.000,8.52,100.0,0.671,0
1.595,7.8,-1.17,13.96,23,22,14,15,100.0,14.21,4.31,1.97,1,14.20,190,1.000,-0.70,0.00,2926,3,4.0,7.55,37,52,9.3,7.027,203,2424,350.00,0,0,0,0,1.000,8.59,100.0,0.671,0
1.625,8.6,-1.17,13.97,22,22,14,15,100.0,14.21,5.01,2.02,1,14.20,190,1.000,-0.70,0.00,2981,3,3.5,7.58,37,52,9.6,7.133,203,2434,350.00,0,0,0,0,1.000,8.68,100.0,0.671,0
1.656,10.2,-1.17,13.82,22,22,14,15,100.0,14.21,5.27,2.06,1,13.94,190,1.000,-0.70,0.00,2916,3,3.0,8.04,37,52,9.6,7.158,203,2450,350.00,0,0,0,0,1.000,8.81,100.0,0.671,0
1.694,10.2,-1.17,13.93,22,22,14,15,100.0,14.21,5.61,2.09,1,13.78,190,1.000,-0.70,0.00,2988,3,2.5,8.10,36,52,9.9,7.296,203,2468,350.00,0,0,0,0,1.000,8.68,100.0,0.671,0
1.710,12.5,-1.17,13.15,22,21,14,15,100.0,14.21,5.85,2.14,1,13.59,190,1.000,-0.70,0.00,2926,3,2.5,8.89,36,52,10.0,7.353,203,2492,350.00,0,0,0,0,1.000,8.88,100.0,0.671,0
1.743,10.9,-1.17,13.13,22,21,14,16,100.0,14.21,6.29,2.17,1,13.39,190,1.000,-0.70,0.00,2911,3,2.0,8.91,36,52,10.0,7.388,203,2498,350.00,0,0,0,0,1.000,8.93,100.0,0.671,0
1.756,10.9,-1.17,13.19,22,21,14,16,100.0,14.21,6.34,2.19,1,13.30,190,1.000,-0.70,0.00,2883,3,2.0,9.29,36,52,10.1,7.057,203,2506,350.00,0,0,0,0,1.000,9.00,100.0,0.665,0
1.787,12.5,-1.17,12.65,21,20,16,17,100.0,14.21,6.83,2.23,1,13.16,190,1.000,-0.70,0.00,2825,3,2.0,9.29,36,52,10.1,7.293,203,2507,350.00,0,0,0,0,1.000,9.01,100.0,0.665,0
1.801,13.3,-1.17,12.46,21,20,17,18,100.0,14.21,7.09,2.33,1,12.98,190,1.000,-0.70,0.00,2689,3,1.5,9.93,36,52,10.3,7.337,203,2526,350.00,0,0,0,0,1.000,9.17,100.0,0.665,0
1.825,13.3,-1.17,12.52,21,20,17,18,100.0,14.21,7.59,2.34,1,12.67,190,1.000,-0.70,0.00,2797,3,1.0,10.78,36,52,10.3,7.435,203,2541,350.00,0,0,0,0,1.000,9.29,100.0,0.659,0
1.848,12.5,-1.17,12.38,20,20,18,19,100.0,14.21,7.75,2.37,1,12.54,190,1.000,-0.70,0.00,2791,3,0.5,10.81,36,52,10.4,7.631,203,2548,350.00,0,0,0,0,1.000,9.35,100.0,0.671,0
1.876,12.5,-1.17,12.05,20,20,18,19,100.0,14.21,7.97,2.45,1,12.46,190,1.000,-0.70,0.00,2917,3,-1.0,11.88,36,52,10.7,7.648,203,2579,350.00,0,0,0,0,1.000,9.61,100.0,0.665,0
1.889,15.6,-1.17,12.03,21,20,20,21,100.0,14.21,8.54,2.45,1,12.22,190,1.000,-0.70,0.00,2935,3,-1.0,11.89,36,52,10.7,7.426,203,2580,350.00,0,0,0,0,1.000,9.62,100.0,0.665,0
1.902,15.6,-1.17,12.33,21,20,20,21,100.0,14.21,8.88,2.53,1,11.98,190,1.000,-0.70,0.00,2998,3,-2.5,11.93,36,52,10.7,7.648,203,2589,350.00,0,0,0,0,1.000,9.70,100.0,0.665,0
1.935,14.8,-1.17,11.48,21,20,22,23,100.0,14.21,9.22,2.53,1,11.98,190,1.000,-0.70,0.00,2918,3,-2.5,13.33,36,52,10.9,7.883,203,2594,350.00,0,0,0,0,1.000,9.74,100.0,0.665,0
1.948,14.8,-1.17,11.56,21,20,22,23,100.0,14.21,9.20,2.59,1,11.83,190,1.000,-0.70,0.00,2769,3,-3.0,13.35,36,52,10.9,7.599,203,2598,350.00,0,0,0,0,1.000,9.78,100.0,1.073,0
1.984,14.1,-1.17,11.13,21,21,24,24,100.0,14.21,9.84,2.65,1,11.83,190,1.000,-0.70,0.00,2918,3,-3.5,13.53,36,52,10.9,7.809,203,2601,350.00,0,0,0,0,1.000,9.80,100.0,1.550,0
2.007,10.2,-1.17,11.42,22,21,25,26,100.0,14.21,10.51,2.70,1,11.76,190,1.000,-0.70,0.00,3107,3,-3.0,13.70,36,52,11.2,7.721,203,2634,350.00,0,0,0,0,1.000,10.08,100.0,1.928,0
2.020,10.2,-1.17,11.34,22,21,25,26,100.0,14.21,10.45,2.72,1,11.76,190,1.000,-0.70,0.00,2910,3,-3.5,13.99,36,50,11.4,7.629,203,2669,350.00,0,0,0,0,1.000,10.37,100.0,2.300,0
2.056,14.1,-1.17,11.75,22,22,24,26,100.0,14.21,10.40,2.75,1,11.72,190,1.000,-0.70,0.00,2815,3,-3.5,14.09,36,50,11.6,7.755,203,2688,350.00,0,0,0,0,1.000,10.53,100.0,2.740,0
2.079,14.1,-1.17,11.19,22,22,24,26,100.0,14.21,10.98,2.79,1,11.72,190,1.000,-0.35,0.00,2866,3,-3.0,14.54,36,50,11.9,7.800,203,2709,350.00,0,0,0,0,1.000,10.70,100.0,2.630,0
2.092,12.5,-1.17,11.42,22,22,24,26,100.0,14.21,11.36,2.82,1,11.69,190,1.000,-0.35,0.00,2876,3,-3.0,14.53,36,50,11.9,7.936,203,2707,350.00,0,0,0,0,1.000,10.67,100.0,3.106,0
2.125,12.5,-1.17,11.60,22,22,24,26,100.0,14.21,11.34,2.84,1,11.65,190,1.000,-0.35,0.00,2914,3,-3.0,15.13,36,50,11.9,7.611,203,2709,350.00,0,0,0,0,1.000,10.70,100.0,3.216,0
2.138,14.8,-1.17,11.55,22,22,24,26,100.0,14.21,11.11,2.82,1,11.61,190,1.000,-0.35,0.00,2901,3,-3.0,15.10,36,50,11.9,7.636,203,2702,350.00,0,0,0,0,1.000,10.65,100.0,3.314,0
2.159,14.8,-1.17,11.61,22,22,24,26,100.0,14.21,11.21,2.84,1,11.58,190,1.000,-0.35,0.00,2919,3,-3.0,15.11,36,50,11.9,7.594,203,2709,350.00,0,0,0,0,1.000,10.64,100.0,3.265,0
2.183,13.3,-1.17,11.14,22,21,23,25,100.0,14.21,11.47,2.82,1,11.61,190,1.000,-0.35,0.00,2925,3,-3.0,15.17,36,50,12.0,7.802,203,2719,350.00,0,0,0,0,1.000,10.79,100.0,3.326,0
2.200,13.3,-1.17,11.09,22,21,23,25,100.0,14.21,11.85,2.87,1,11.58,190,1.000,-0.35,0.00,3000,3,-3.0,15.54,36,50,12.2,7.806,203,2736,350.00,0,0,0,0,1.000,10.93,100.0,3.332,0
2.224,12.5,-1.17,11.34,22,21,23,25,100.0,14.21,11.79,2.89,1,11.61,190,1.000,-0.35,0.00,2940,3,-3.0,15.74,36,50,12.2,7.785,203,2770,350.00,0,0,0,0,1.000,11.22,100.0,3.417,0
2.237,12.5,-1.17,11.50,22,21,23,25,100.0,14.21,11.59,2.82,1,11.54,190,1.000,-0.35,0.00,3033,3,-3.0,15.83,36,50,12.5,7.652,203,2788,350.00,0,0,0,0,1.000,11.37,100.0,3.655,0
2.276,14.8,-1.17,11.53,22,21,22,25,100.0,14.21,11.49,2.81,1,11.51,190,1.000,-0.35,0.00,2987,3,-2.5,16.23,36,50,12.8,7.645,203,2814,350.00,0,0,0,0,1.000,11.51,100.0,3.638,0
2.295,14.1,-1.17,11.56,22,21,22,25,100.0,14.21,11.75,2.87,1,11.58,190,1.000,-0.35,0.00,3003,3,-2.5,15.94,36,50,12.8,7.711,203,2814,350.00,0,0,0,0,1.000,11.51,100.0,3.271,0
2.308,14.1,-1.17,11.08,22,21,22,25,100.0,14.21,11.91,2.87,1,11.54,190,1.000,-0.35,0.00,2998,3,-2.5,15.97,36,50,12.8,7.902,203,2820,350.00,0,0,0,0,1.000,11.53,100.0,3.417,0
2.343,11.7,-1.17,11.51,22,20,22,25,100.0,14.21,12.29,2.85,1,11.51,190,1.000,-0.35,0.00,2862,3,-3.0,16.33,36,50,12.8,7.707,203,2828,350.00,0,0,0,0,1.000,11.55,100.0,3.472,0
2.369,11.7,-1.17,11.51,22,20,22,25,100.0,14.21,12.36,2.85,1,11.51,190,1.000,-0.35,0.00,2747,3,-2.5,16.85,36,50,12.8,7.726,203,2844,350.00,0,0,0,0,1.000,11.60,100.0,4.015,0
2.374,11.7,-1.17,10.95,21,20,22,24,100.0,14.21,12.30,2.87,1,11.51,190,1.000,-0.35,0.00,2710,3,-2.5,16.95,36,50,12.9,7.955,203,2861,350.00,0,0,0,0,1.000,11.65,100.0,4.162,0
2.401,11.7,-1.17,11.03,21,20,22,24,100.0,14.21,12.14,2.85,1,11.51,190,1.000,-0.35,0.00,2977,3,-2.5,17.05,36,50,12.9,7.837,203,2877,350.00,0,0,0,0,1.000,11.70,100.0,4.016,0
2.415,12.5,-1.17,10.93,20,19,23,24,100.0,14.21,12.07,2.84,1,11.47,190,1.000,-0.35,0.00,2933,3,-2.5,16.80,36,50,12.9,8.083,203,2908,350.00,0,0,0,0,1.000,11.78,100.0,4.003,0
2.428,12.5,-1.17,11.81,20,19,23,24,100.0,14.21,12.02,2.85,1,11.47,190,1.000,-0.35,0.00,3096,3,-2.5,16.84,36,50,13.0,7.807,203,2914,350.00,0,0,0,0,1.000,11.80,100.0,4.009,0
2.465,14.8,-1.17,11.48,19,19,23,24,100.0,14.21,12.01,2.87,1,11.44,190,1.000,-0.35,0.00,2864,3,-2.5,16.99,36,50,13.0,7.747,203,2925,350.00,0,0,0,0,1.000,11.83,100.0,3.796,0
2.478,14.1,-1.17,11.32,19,19,23,24,100.0,14.21,12.01,2.87,1,11.44,190,1.000,-0.35,0.00,2824,3,-2.5,17.07,36,48,13.0,8.151,203,2939,350.00,0,0,0,0,1.000,11.87,100.0,3.777,0
2.494,14.1,-1.17,11.11,19,19,23,24,100.0,14.21,12.05,2.85,1,11.44,190,1.000,-0.35,0.00,2822,3,-2.5,16.88,36,48,13.0,7.850,203,2936,350.00,0,0,0,0,1.000,11.87,100.0,3.826,0
2.507,14.1,-1.17,11.38,19,19,23,24,100.0,14.21,12.11,2.87,1,11.44,190,1.000,-0.35,0.00,2750,3,-2.5,16.88,36,48,13.0,8.153,203,2936,350.00,0,0,0,0,1.000,11.87,100.0,3.826,0
2.520,14.1,-1.17,11.64,18,18,23,24,100.0,14.21,12.24,2.85,1,11.44,190,1.000,-0.35,0.00,2932,3,-2.5,16.86,36,48,13.0,7.849,203,2946,350.00,0,0,0,0,1.000,11.87,100.0,3.741,0
2.543,14.1,-1.17,11.53,18,18,23,24,100.0,14.21,12.28,2.85,1,11.44,190,1.000,-0.35,0.00,2989,3,-2.5,16.94,36,48,13.0,8.161,203,2960,350.00,0,0,0,0,1.000,11.94,100.0,3.839,0
2.561,12.5,-1.17,11.16,18,18,24,24,100.0,14.21,12.46,2.87,1,11.44,190,1.000,-0.35,0.00,2865,3,-2.5,17.03,36,48,13.2,8.141,203,2976,350.00,0,0,0,0,1.000,11.98,100.0,4.144,0
2.586,12.5,-1.17,11.47,18,18,24,24,100.0,14.21,12.50,2.84,1,11.44,190,1.000,0.00,0.00,2947,3,-1.5,17.62,36,48,13.2,7.869,203,3006,350.00,0,0,0,0,1.000,12.04,100.0,4.089,0
2.601,11.7,-1.17,11.50,17,17,23,24,100.0,14.21,12.49,2.87,1,11.40,190,1.000,0.00,0.00,2756,3,-2.0,17.17,36,48,13.3,8.217,203,3016,350.00,0,0,0,0,1.000,11.78,100.0,4.174,0
2.629,11.7,-1.17,11.53,17,17,23,24,100.0,14.21,12.54,2.85,1,11.40,190,1.000,0.00,0.00,2929,3,-1.5,17.33,36,48,13.3,7.883,203,3045,350.00,0,0,0,0,1.000,11.85,100.0,4.583,0
2.654,12.5,-1.17,11.47,17,17,23,24,100.0,14.21,12.49,2.85,1,11.40,190,1.000,0.00,0.00,2921,3,-1.5,17.42,36,48,13.3,8.185,203,3050,350.00,0,0,0,0,1.000,11.88,100.0,4.590,0
2.677,12.5,-1.17,11.47,17,17,23,24,100.0,14.21,12.42,2.84,1,11.40,190,1.000,0.00,0.00,2720,3,-1.5,17.47,36,48,13.5,8.189,203,3059,350.00,0,0,0,0,1.000,11.90,100.0,4.449,0
2.695,13.3,-1.17,11.54,17,17,23,24,100.0,14.21,12.35,2.85,1,11.40,190,1.000,0.00,0.00,2843,3,-1.5,18.07,36,48,13.5,7.905,203,3067,350.00,0,0,0,0,1.000,11.93,100.0,4.614,0
2.708,13.3,-1.17,11.61,17,17,23,24,100.0,14.21,12.35,2.85,1,11.37,190,1.000,0.00,0.00,2766,3,-1.5,18.11,36,48,13.5,8.229,203,3074,350.00,0,0,0,0,1.000,11.95,100.0,4.522,0
2.721,14.1,-1.17,11.00,17,16,23,24,100.0,14.21,12.32,2.84,1,11.37,190,1.000,0.00,0.00,2979,3,-1.5,18.38,36,48,13.5,8.189,203,3085,350.00,0,0,0,0,1.000,11.98,100.0,4.467,0
2.744,14.1,-1.17,11.26,17,16,23,24,100.0,14.21,12.39,2.84,1,11.40,190,1.000,0.00,0.00,3025,3,-1.5,18.42,36,48,13.5,7.999,203,3092,350.00,0,0,0,0,1.000,12.00,100.0,4.559,0
2.773,14.1,-1.17,11.48,16,16,23,24,100.0,14.21,12.46,2.84,1,11.37,190,1.000,0.00,0.00,2817,3,-1.5,18.48,36,48,13.6,8.178,203,3109,350.00,0,0,0,0,1.000,12.05,100.0,4.522,0
2.801,14.1,-1.17,11.30,16,16,23,24,100.0,14.21,12.69,2.82,1,11.40,190,1.000,0.00,0.00,3121,3,-1.5,18.60,36,48,13.6,8.028,203,3129,350.00,0,0,0,0,1.000,12.11,100.0,4.614,0
2.809,12.5,-1.17,11.13,16,16,23,24,100.0,14.21,12.94,2.84,1,11.40,190,1.000,0.00,0.00,2931,3,-1.5,17.86,36,48,13.8,8.178,203,3153,350.00,0,0,0,0,1.000,12.17,100.0,4.791,0
2.826,12.5,-1.17,11.09,16,16,23,24,100.0,14.21,13.04,2.84,1,11.37,190,1.000,0.00,0.00,2990,3,-1.5,17.96,36,48,13.8,8.041,203,3170,350.00,0,0,0,0,1.000,12.22,100.0,4.711,0
2.851,10.9,-1.17,11.04,16,15,23,24,100.0,14.21,12.95,2.85,1,11.37,190,1.000,0.00,0.00,2872,3,-1.5,17.69,36,48,13.8,8.156,203,3176,350.00,0,0,0,0,1.000,12.24,100.0,4.998,0
2.870,10.9,-1.17,11.65,16,15,23,24,100.0,14.21,12.65,2.81,1,11.33,190,1.000,0.00,0.00,2846,3,-1.5,17.69,36,48,13.8,8.026,203,3177,350.00,0,0,0,0,1.000,12.25,100.0,5.188,0
2.887,11.7,-1.17,11.44,15,15,23,24,100.0,14.21,12.54,2.79,1,11.40,190,1.000,0.00,0.00,2958,3,-1.5,17.74,36,48,13.8,8.077,203,3187,350.00,0,0,0,0,1.000,12.27,100.0,5.005,0
2.901,11.7,-1.17,11.68,15,15,23,24,100.0,14.21,12.43,2.85,1,11.44,190,1.000,0.00,0.00,2765,3,-1.5,18.27,36,46,13.8,8.316,203,3192,350.00,0,0,0,0,1.000,12.29,100.0,4.797,0
2.921,14.1,-1.17,11.54,15,15,23,24,100.0,14.21,12.30,2.81,1,11.33,190,1.000,0.00,0.00,2812,3,-1.0,18.38,36,46,13.8,8.050,203,3212,350.00,0,0,0,0,1.000,12.31,100.0,4.742,0
2.939,14.1,-1.17,11.33,15,15,23,24,100.0,14.21,12.50,2.82,1,11.40,190,1.000,0.00,0.00,2987,3,-1.0,18.46,36,46,13.9,8.045,203,3226,350.00,0,0,0,0,1.000,12.33,100.0,4.650,0
2.966,13.3,-1.17,11.18,14,14,23,24,100.0,14.21,12.80,2.82,1,11.40,190,1.000,0.00,0.00,2768,3,-1.0,18.69,36,46,13.9,8.051,203,3248,350.00,0,0,0,0,1.000,12.34,100.0,4.528,0
2.979,13.3,-1.17,11.34,14,14,23,24,100.0,14.21,13.10,2.79,1,11.33,190,1.000,0.00,0.00,2980,3,-1.0,18.76,36,46,13.9,8.141,203,3261,350.00,0,0,0,0,1.000,12.35,100.0,4.724,0
3.003,11.7,-1.17,11.37,14,14,23,24,100.0,14.21,12.84,2.84,1,11.30,190,1.000,0.00,0.00,2950,3,-1.0,18.54,36,46,13.9,8.346,203,3266,350.00,0,0,0,0,1.000,12.35,100.0,5.108,0
3.015,11.7,-1.17,11.16,14,14,23,24,100.0,14.21,12.68,2.85,1,11.37,190,1.000,0.00,0.00,2834,3,-1.0,18.73,36,46,13.9,8.257,203,3278,350.00,0,0,0,0,1.000,12.36,100.0,5.255,0
3.030,11.7,-1.17,11.08,14,14,23,24,100.0,14.21,12.44,2.82,1,11.37,190,1.000,0.00,0.00,2821,3,-1.0,18.75,36,46,13.9,8.093,203,3281,350.00,0,0,0,0,1.000,12.37,100.0,5.163,0
3.065,13.3,-1.17,11.25,14,14,23,24,100.0,14.21,12.48,2.82,1,11.37,190,1.000,0.00,0.00,2886,3,-1.0,18.83,36,46,13.9,8.199,203,3295,350.00,0,0,0,0,1.000,12.37,100.0,4.772,0
3.077,13.3,-1.17,11.47,14,14,23,24,100.0,14.21,13.10,2.82,1,11.33,190,1.000,0.00,0.00,3029,3,-1.0,19.05,36,46,13.9,8.304,203,3317,350.00,0,0,0,0,1.000,12.39,100.0,4.754,0
3.091,11.7,-1.17,11.66,14,13,23,24,100.0,14.21,13.17,2.82,1,11.33,190,1.000,0.00,0.00,2848,3,-1.0,18.82,36,46,13.9,8.358,203,3317,350.00,0,0,0,0,1.000,12.39,100.0,4.778,0
3.119,11.7,-1.17,11.36,14,13,23,24,100.0,14.21,12.71,2.82,1,11.33,190,1.000,0.00,0.00,2868,3,-1.0,19.03,36,46,14.1,8.161,203,3354,350.00,0,0,0,0,1.000,12.41,100.0,5.193,0
3.131,11.7,-1.17,11.55,14,13,23,24,100.0,14.21,12.56,2.82,1,11.33,190,1.000,0.00,0.00,2740,3,-1.0,19.83,36,46,14.1,8.397,203,3356,350.00,0,0,0,0,1.000,12.42,100.0,5.297,0
3.151,11.7,-1.17,11.22,14,13,23,24,100.0,14.21,12.63,2.82,1,11.33,190,1.000,0.00,0.00,3011,3,-1.0,19.96,36,46,14.1,8.325,203,3377,350.00,0,0,0,0,1.000,12.43,100.0,4.999,0
3.165,11.7,-1.17,11.09,13,13,23,24,100.0,14.21,12.66,2.84,1,11.33,190,1.000,0.00,0.00,2828,3,-1.0,19.24,36,46,14.1,8.431,203,3370,350.00,0,0,0,0,1.000,12.43,100.0,4.742,0
3.189,11.7,-1.17,11.30,13,13,23,24,100.0,14.21,13.09,2.81,1,11.30,190,1.000,0.00,0.00,2965,3,-1.0,19.24,36,46,14.1,8.395,203,3370,350.00,0,0,0,0,1.000,12.43,100.0,4.797,0
3.207,11.7,-1.17,11.37,13,12,23,24,100.0,14.21,12.67,2.84,1,11.30,190,1.000,0.00,0.00,2843,3,-1.0,19.35,36,46,14.1,8.285,203,3376,350.00,0,0,0,0,1.000,12.43,100.0,5.168,0
3.220,11.7,-1.17,11.30,13,12,23,24,100.0,14.21,12.60,2.84,1,11.30,190,1.000,0.00,0.00,2964,3,-1.0,19.43,36,46,14.1,8.323,203,3390,350.00,0,0,0,0,1.000,12.44,100.0,5.297,0
3.238,12.5,-1.17,11.41,12,12,24,24,100.0,14.21,13.12,2.84,1,11.30,190,1.000,0.00,0.00,2921,3,-1.0,19.78,36,46,14.1,8.272,203,3405,350.00,0,0,0,0,1.000,12.45,100.0,4.987,0
3.261,12.5,-1.17,11.53,12,12,24,24,100.0,14.21,13.13,2.85,1,11.30,190,1.000,0.00,0.00,3024,3,-1.0,19.86,36,46,14.1,8.498,203,3420,350.00,0,0,0,0,1.000,12.46,100.0,4.980,0
3.285,13.3,-1.17,11.30,12,12,23,24,100.0,14.21,12.68,2.85,1,11.27,190,1.000,0.00,0.00,2879,3,-1.0,19.74,36,46,14.1,8.468,203,3452,350.00,0,0,0,0,1.000,12.49,100.0,5.413,0
3.297,13.3,-1.17,11.06,12,12,23,24,100.0,14.21,12.94,2.85,1,11.33,190,1.000,0.00,0.00,2985,3,-1.0,19.87,36,46,14.2,8.252,203,3475,350.00,0,0,0,0,1.000,12.50,100.0,5.304,0
3.321,10.9,-1.17,11.37,12,12,23,24,100.0,14.21,13.09,2.85,1,11.30,190,1.000,0.00,0.00,2917,3,-1.0,20.06,36,46,14.2,8.323,203,3485,350.00,0,0,0,0,1.000,12.51,100.0,4.980,0
3.345,10.9,-1.17,11.31,12,12,23,24,100.0,14.21,12.80,2.84,1,11.30,190,1.000,0.00,0.00,2969,3,-1.0,19.98,36,46,14.2,8.364,203,3482,350.00,0,0,0,0,1.000,12.51,100.0,5.181,0
3.359,12.5,-1.17,11.53,11,11,23,24,100.0,14.21,13.27,2.87,1,11.27,190,1.000,0.00,0.00,3074,3,-1.5,20.04,36,46,14.2,8.522,203,3492,350.00,0,0,0,0,1.000,12.52,100.0,5.286,0
3.388,12.5,-1.17,11.30,11,11,23,24,100.0,14.21,13.40,2.87,1,11.27,190,1.000,0.00,0.00,2918,3,-1.5,20.42,36,45,14.2,8.477,203,3492,350.00,0,0,0,0,1.000,12.52,100.0,5.091,0
3.401,11.7,-1.17,11.18,11,11,23,24,100.0,14.21,12.84,2.85,1,11.27,190,1.000,0.00,0.00,2839,3,-1.5,20.37,36,45,14.2,8.363,203,3506,350.00,0,0,0,0,1.000,12.52,100.0,5.406,0
3.419,11.7,-1.17,10.98,11,11,23,24,100.0,14.21,13.14,2.85,1,11.27,190,1.000,0.00,0.00,2780,3,-1.0,20.46,36,45,14.2,8.354,203,3520,350.00,0,0,0,0,1.000,12.53,100.0,5.669,0
3.444,10.9,-1.17,10.97,11,11,23,24,100.0,14.21,13.47,2.84,1,11.27,190,1.000,0.00,0.00,3015,3,-1.5,20.51,36,45,14.2,8.374,203,3530,350.00,0,0,0,0,1.000,12.54,100.0,5.433,0
3.457,10.9,-1.17,11.06,11,11,23,24,100.0,14.21,13.19,2.90,1,11.27,190,1.000,0.00,0.00,2831,3,-1.5,20.20,36,45,14.2,8.519,203,3539,350.00,0,0,0,0,1.000,12.55,100.0,5.201,0
3.484,10.9,-1.17,11.22,11,11,23,24,100.0,14.21,12.86,2.85,1,11.27,190,1.000,0.00,0.00,2922,3,-1.0,20.34,36,45,14.2,8.386,203,3564,350.00,0,0,0,0,1.000,12.57,100.0,5.516,0
3.503,11.7,-1.17,11.31,10,11,23,24,100.0,14.21,13.56,2.84,1,11.27,190,1.000,0.00,0.00,2789,3,-1.5,21.42,36,45,14.2,8.362,203,3602,350.00,0,0,0,0,1.000,12.59,100.0,5.378,0
3.516,11.7,-1.17,11.01,10,11,23,24,100.0,14.21,13.39,2.89,1,11.27,190,1.000,0.00,0.00,2959,3,-1.0,20.49,36,45,14.4,8.460,203,3602,350.00,0,0,0,0,1.000,12.59,100.0,5.212,0
3.536,12.5,-1.17,11.06,10,11,23,24,100.0,14.21,13.19,2.87,1,11.27,190,1.000,0.00,0.00,2813,3,-1.0,20.55,36,45,14.4,8.463,203,3613,350.00,0,0,0,0,1.000,12.60,100.0,5.553,0
3.549,12.5,-1.17,11.23,10,11,23,24,100.0,14.21,13.61,2.87,1,11.27,190,1.000,0.00,0.00,2970,3,-1.0,20.93,36,45,14.4,8.432,203,3610,350.00,0,0,0,0,1.000,12.60,100.0,5.670,0
3.569,11.7,-1.17,11.13,10,11,23,24,100.0,14.21,13.50,2.89,1,11.27,190,1.000,0.00,0.00,2739,3,-1.0,20.94,36,45,14.4,8.463,203,3613,350.00,0,0,0,0,1.000,12.60,100.0,5.486,0
3.593,11.7,-1.17,11.45,10,11,23,24,100.0,14.21,13.54,2.89,1,11.27,190,1.000,0.00,0.00,2947,3,-1.0,21.84,36,45,14.4,8.531,203,3631,350.00,0,0,0,0,1.000,12.60,100.0,5.700,0
3.609,10.2,-1.17,11.42,10,10,24,24,100.0,14.21,13.27,2.89,1,11.27,192,1.000,0.00,0.00,2829,3,-0.5,20.70,36,45,14.4,8.511,203,3635,350.00,0,0,0,0,1.000,12.62,100.0,5.706,0
3.623,10.2,-1.17,10.99,10,10,24,24,100.0,14.21,13.59,2.87,1,11.27,192,1.000,0.00,0.00,3037,3,-1.0,20.83,36,45,14.4,8.498,203,3656,350.00,0,0,0,0,1.000,12.63,100.0,5.731,0
3.639,10.2,-1.17,11.37,9,10,24,24,100.0,14.21,13.44,2.85,1,11.27,192,1.000,0.00,0.00,2959,3,-0.5,20.79,36,45,14.4,8.549,203,3678,350.00,0,0,0,0,1.000,12.64,100.0,5.529,0
3.661,10.2,-1.17,11.05,9,10,24,24,100.0,14.21,13.04,2.87,1,11.27,192,1.000,0.00,0.00,2846,3,-0.5,20.81,36,45,14.4,8.446,203,3681,350.00,0,0,0,0,1.000,12.65,100.0,5.609,0
3.687,10.9,-1.17,11.27,10,10,24,24,100.0,14.21,13.27,2.87,1,11.27,192,1.000,0.00,0.00,2892,3,-1.0,22.14,36,45,14.4,8.499,203,3698,350.00,0,0,0,0,1.000,12.66,100.0,5.987,0
3.700,10.9,-1.17,11.19,10,10,24,24,100.0,14.21,13.27,2.90,1,11.23,192,1.000,0.00,0.00,2926,3,-1.0,22.18,36,45,14.4,8.501,203,3705,350.00,0,0,0,0,1.000,12.67,100.0,5.738,0
3.723,10.9,-1.17,11.19,9,10,24,23,100.0,14.21,13.29,2.89,1,11.23,192,1.000,0.00,0.00,2946,3,-1.0,22.23,36,45,14.4,8.490,203,3707,350.00,0,0,0,0,1.000,12.67,100.0,5.700,0
3.737,10.9,-1.17,11.08,9,10,24,23,100.0,14.21,13.39,2.89,1,11.23,192,1.000,0.00,0.00,3040,3,-1.0,21.43,36,45,14.4,8.568,203,3725,350.00,0,0,0,0,1.000,12.68,100.0,5.676,0
3.760,10.2,-1.17,11.01,9,10,23,24,100.0,14.21,13.45,2.87,1,11.23,192,1.000,0.00,0.00,2828,3,-0.5,21.52,36,45,14.4,8.487,203,3739,350.00,0,0,0,0,1.000,12.69,100.0,5.901,0
3.788,10.2,-1.17,11.08,9,10,23,24,100.0,14.21,13.39,2.89,1,11.23,192,1.000,0.00,0.00,2908,3,-1.0,21.58,36,45,14.4,8.543,203,3750,350.00,0,0,0,0,1.000,12.70,100.0,5.792,0
3.801,10.2,-1.17,11.14,10,10,24,24,100.0,14.21,13.37,2.89,1,11.23,192,1.000,0.00,0.00,2739,3,-0.5,21.49,34,45,14.4,8.559,203,3762,350.00,0,0,0,0,1.000,12.71,100.0,5.590,0
3.822,10.2,-1.17,11.17,10,10,24,24,100.0,14.21,13.45,2.92,1,11.23,192,1.000,0.00,0.00,2860,3,-1.0,21.58,34,45,14.4,8.633,203,3779,350.00,0,0,0,0,1.000,12.72,100.0,5.755,0
3.839,10.2,-1.17,11.25,9,10,24,24,100.0,14.21,13.33,2.89,1,11.23,192,1.000,0.00,0.00,2900,3,-0.5,22.28,34,45,14.4,8.596,203,3791,350.00,0,0,0,0,1.000,12.73,100.0,6.011,0
3.853,10.2,-1.17,11.40,9,10,24,24,100.0,14.21,13.39,2.89,1,11.23,192,1.000,0.00,0.00,2935,3,-0.5,22.36,34,45,14.4,8.647,203,3805,350.00,0,0,0,0,1.000,12.74,100.0,5.859,0
3.884,10.2,-1.17,11.26,9,10,24,24,100.0,14.21,13.30,2.92,1,11.23,192,1.000,0.00,0.00,3006,3,-1.0,21.92,34,45,14.4,8.564,203,3797,350.00,0,0,0,0,1.000,12.73,100.0,5.901,0
3.908,10.2,-1.17,11.13,9,10,24,24,100.0,14.21,13.82,2.93,1,11.23,192,1.000,0.00,0.00,2966,3,-0.5,21.90,34,45,14.5,8.593,203,3812,350.00,0,0,0,0,1.000,12.74,100.0,5.853,0
3.926,9.4,-1.17,11.30,10,10,24,24,100.0,14.21,13.65,2.90,1,11.23,192,1.000,0.00,0.00,2914,3,-0.5,22.00,34,45,14.5,8.641,203,3829,350.00,0,0,0,0,1.000,12.75,100.0,6.091,0
3.939,9.4,-1.17,11.25,10,10,24,24,100.0,14.21,13.04,2.87,1,11.23,192,1.000,0.00,0.00,2884,3,-0.5,21.97,34,45,14.5,8.669,203,3850,350.00,0,0,0,0,1.000,12.77,100.0,6.109,0
3.953,9.4,-1.17,11.38,10,10,24,24,100.0,14.21,13.80,2.90,1,11.23,192,1.000,0.00,0.00,2948,3,-0.5,22.07,34,45,14.5,8.614,203,3867,350.00,0,0,0,0,1.000,12.78,100.0,6.042,0
3.976,9.4,-1.17,11.32,9,10,24,24,100.0,14.21,13.06,2.89,1,11.23,192,1.000,0.00,0.00,2754,3,0.0,22.05,34,45,14.5,8.655,203,3875,350.00,0,0,0,0,1.000,12.79,100.0,5.920,0
3.996,9.4,-1.17,11.16,9,10,24,24,100.0,14.21,13.47,2.89,1,11.23,192,1.000,0.00,0.00,2785,3,-0.5,22.24,34,45,14.5,8.646,203,3896,350.00,0,0,0,0,1.000,12.80,100.0,6.146,0
4.009,10.2,-1.17,11.27,10,10,24,24,100.0,14.21,13.21,2.92,1,11.23,192,1.000,0.00,0.00,2905,3,0.0,22.26,34,45,14.5,8.638,203,3901,350.00,0,0,0,0,1.000,12.80,100.0,6.073,0
4.022,10.2,-1.17,11.33,10,10,24,24,100.0,14.21,13.67,2.93,1,11.23,192,1.000,0.00,0.00,2883,3,0.0,23.16,34,45,14.5,8.646,203,3914,350.00,0,0,0,0,1.000,12.81,100.0,5.840,0
4.039,11.7,-1.17,11.09,10,10,24,24,100.0,14.21,13.22,2.90,1,11.23,192,1.000,0.00,0.00,2655,3,-0.5,23.15,34,45,14.5,8.588,203,3913,350.00,0,0,0,0,1.000,12.81,100.0,5.834,0
4.053,11.7,-1.17,11.05,10,10,24,24,100.0,14.21,13.73,2.92,1,11.23,192,1.000,0.00,0.00,2819,3,-0.5,23.39,34,45,14.5,8.656,203,3916,350.00,0,0,0,0,1.000,12.81,100.0,6.085,0
4.084,11.7,-1.17,11.03,10,10,24,24,100.0,14.21,13.15,2.90,1,11.23,192,1.000,0.00,0.00,2693,3,-0.5,23.46,34,45,14.5,8.653,203,3927,350.00,0,0,0,0,1.000,12.82,100.0,6.091,0
4.100,10.9,-1.17,11.19,9,10,24,24,100.0,14.21,13.83,2.90,1,11.23,192,1.000,0.00,0.00,2865,3,-0.5,23.49,34,45,14.5,8.664,203,3946,350.00,0,0,0,0,1.000,12.84,100.0,6.164,0
4.113,10.9,-1.17,11.37,9,10,24,24,100.0,14.21,13.67,2.89,1,11.23,192,1.000,0.00,0.00,2718,3,0.0,23.14,34,45,14.5,8.684,203,3959,350.00,0,0,0,0,1.000,12.85,100.0,6.055,0
4.133,10.2,-1.17,11.29,9,10,24,24,100.0,14.21,13.33,2.90,1,11.23,192,1.000,0.00,0.00,2864,3,-0.5,23.20,34,45,14.5,8.724,203,3969,350.00,0,0,0,0,1.000,12.85,100.0,6.024,0
4.146,10.2,-1.17,11.06,9,10,24,24,100.0,14.21,13.77,2.89,1,11.23,192,1.000,0.00,0.00,2737,3,0.0,23.51,34,45,14.5,8.713,203,3977,350.00,0,0,0,0,1.000,12.86,100.0,6.164,0
4.159,9.4,-1.17,11.12,9,10,24,24,100.0,14.21,13.47,2.92,1,11.23,192,1.000,0.00,0.00,2742,3,-0.5,23.53,34,45,14.5,8.726,203,3981,350.00,0,0,0,0,1.000,12.86,100.0,6.067,0
4.183,9.4,-1.17,11.15,9,10,24,24,100.0,14.21,13.59,2.92,1,11.23,192,1.000,0.00,0.00,2802,3,-0.5,23.41,34,43,14.5,8.694,203,3981,350.00,0,0,0,0,1.000,12.86,100.0,5.926,0
4.214,10.2,-1.17,11.03,9,10,24,24,100.0,14.21,13.82,2.93,1,11.23,192,1.000,0.00,0.00,2913,3,-0.5,23.52,34,43,14.5,8.719,203,3999,350.00,0,0,0,0,1.000,12.87,100.0,6.060,0
4.234,10.2,-1.17,11.19,9,10,24,24,100.0,14.21,13.79,2.93,1,11.23,192,1.000,0.00,0.00,2961,3,0.0,23.93,34,43,14.6,8.776,203,4020,350.00,0,0,0,0,1.000,12.90,100.0,6.005,0
4.246,10.2,-1.17,11.13,9,10,24,24,100.0,14.21,13.51,2.90,1,11.20,192,1.000,0.00,0.00,2821,3,0.0,23.57,34,43,14.6,8.779,203,4025,350.00,0,0,0,0,1.000,12.91,100.0,5.926,0
4.259,10.2,-1.17,11.19,9,10,24,24,100.0,14.21,13.77,2.92,1,11.20,192,1.000,0.00,0.00,2771,3,0.0,23.45,34,43,14.6,8.782,203,4067,350.00,0,0,0,0,1.000,12.97,100.0,5.969,0
4.282,9.4,-1.17,11.11,9,10,24,24,100.0,14.21,13.77,2.93,1,11.20,192,1.000,0.00,0.00,2726,3,0.0,23.53,34,43,14.6,8.772,203,4081,350.00,0,0,0,0,1.000,12.99,100.0,5.993,0
4.311,9.4,-1.17,11.24,9,10,24,24,100.0,14.21,13.93,2.92,1,11.20,192,1.000,0.00,0.00,2692,3,0.0,24.16,34,43,14.6,8.778,203,4088,350.00,0,0,0,0,1.000,13.00,100.0,5.853,0
4.329,9.4,-1.17,11.18,10,10,24,25,100.0,14.21,13.97,2.93,1,11.20,192,1.000,0.00,0.00,2799,3,0.0,24.36,34,43,14.6,8.755,203,4083,350.00,0,0,0,0,1.000,12.99,100.0,6.224,0
4.352,9.4,-1.17,11.06,10,10,24,25,100.0,14.21,13.78,2.92,1,11.20,192,1.000,0.00,0.00,2603,3,0.0,24.33,34,43,14.8,8.815,203,4101,350.00,0,0,0,0,1.000,13.02,100.0,6.140,0
4.375,8.6,-1.17,11.04,10,10,24,25,100.0,14.21,13.82,2.92,1,11.20,192,1.000,0.00,0.00,2779,3,0.0,24.36,34,43,14.8,8.783,203,4106,350.00,0,0,0,0,1.000,13.02,100.0,6.158,0
4.401,8.6,-1.17,11.16,10,10,24,25,100.0,14.21,13.94,2.93,1,11.20,192,1.000,0.00,0.00,2785,3,0.0,24.18,34,43,14.8,8.815,203,4119,350.00,0,0,0,0,1.000,13.04,100.0,6.219,0
4.423,9.4,-1.17,11.06,9,10,24,25,100.0,14.21,13.79,2.92,1,11.20,192,1.000,0.00,0.00,2891,3,0.0,24.45,34,43,14.8,8.806,203,4141,350.00,0,0,0,0,1.000,13.07,100.0,6.072,0
4.436,9.4,-1.17,11.00,9,10,24,25,100.0,14.21,13.88,2.93,1,11.20,192,1.000,0.00,0.00,2971,3,0.0,24.52,34,43,14.8,8.836,203,4154,350.00,0,0,0,0,1.000,13.09,100.0,6.231,0
4.454,8.6,-1.17,11.12,10,10,23,24,100.0,14.21,13.91,2.92,1,11.17,192,1.000,0.00,0.00,2924,3,0.0,24.60,34,43,14.8,8.792,203,4157,350.00,0,0,0,0,1.000,13.10,100.0,6.310,0
4.467,8.6,-1.17,11.16,10,10,23,24,100.0,14.21,13.80,2.93,1,11.17,192,1.000,0.00,0.00,2699,3,0.0,23.69,34,43,14.8,8.842,203,4167,350.00,0,0,0,0,1.000,13.11,100.0,6.030,0
4.480,9.4,-1.17,11.16,10,10,23,24,100.0,14.21,14.13,2.92,1,11.17,192,1.000,0.00,0.00,2989,3,0.0,23.70,34,43,14.8,8.842,203,4168,350.00,0,0,0,0,1.000,13.11,100.0,5.975,0
4.503,9.4,-1.17,11.04,10,10,23,24,100.0,14.21,13.57,2.93,1,11.17,192,1.000,0.00,0.00,2981,3,0.0,23.91,34,43,14.8,8.842,203,4174,350.00,0,0,0,0,1.000,13.12,100.0,6.011,0
4.518,8.6,-1.17,11.06,10,10,23,24,100.0,14.21,14.12,2.92,1,11.17,192,1.000,0.00,0.00,3029,3,0.5,24.08,34,43,14.8,8.854,203,4204,350.00,0,0,0,0,1.000,13.16,100.0,6.188,0
4.541,8.6,-1.17,11.12,10,10,23,24,100.0,14.21,13.73,2.92,1,11.17,192,1.000,0.00,0.00,2982,3,0.5,24.06,34,43,14.9,8.858,203,4225,350.00,0,0,0,0,1.000,13.19,100.0,5.957,0
4.570,7.8,-1.17,11.12,10,10,23,24,100.0,14.21,13.79,2.92,1,11.17,192,1.000,0.00,0.00,2977,3,0.5,23.93,34,43,14.9,8.871,203,4234,350.00,0,0,0,0,1.000,13.21,100.0,6.200,0
4.599,7.8,-1.17,11.06,10,10,23,24,100.0,14.21,14.21,2.93,1,11.17,192,1.000,0.00,0.00,2870,3,0.5,24.96,34,43,14.9,8.907,203,4252,350.00,0,0,0,0,1.000,13.23,100.0,6.061,0
4.618,8.6,-1.17,11.13,10,10,23,23,100.0,14.21,14.11,2.90,1,11.17,192,1.000,0.00,0.00,2810,3,0.5,25.28,34,43,14.9,8.939,203,4263,350.00,0,0,0,0,1.000,13.25,100.0,5.993,0
4.631,8.6,-1.17,11.10,10,10,23,23,100.0,14.21,13.90,2.92,1,11.17,192,1.000,0.00,0.00,2732,3,0.5,25.32,34,43,14.9,8.902,203,4269,350.00,0,0,0,0,1.000,13.25,100.0,6.487,0
4.645,8.6,-1.17,11.03,10,10,23,23,100.0,14.21,13.90,2.95,1,11.17,192,1.000,0.00,0.00,2778,3,1.0,25.47,34,43,14.9,8.872,203,4281,350.00,0,0,0,0,1.000,13.27,100.0,6.263,0
4.659,8.6,-1.17,11.08,10,10,23,23,100.0,14.21,14.06,2.92,1,11.17,192,1.000,0.00,0.00,2770,3,0.5,24.19,34,43,14.9,8.905,203,4290,350.00,0,0,0,0,1.000,13.28,100.0,6.030,0
4.686,7.0,-1.17,11.15,10,10,23,23,100.0,14.21,13.85,2.93,1,11.17,192,1.000,0.00,0.00,2976,3,0.5,24.21,34,43,14.9,8.908,203,4295,350.00,0,0,0,0,1.000,13.29,100.0,6.237,0
4.709,7.0,-1.17,11.18,10,10,23,23,100.0,14.21,14.13,2.92,1,11.17,192,1.000,0.00,0.00,2997,3,0.5,24.08,34,43,15.1,8.939,203,4308,350.00,0,0,0,0,1.000,13.31,100.0,6.043,0
4.733,8.6,-1.17,11.07,10,10,22,23,100.0,14.21,14.23,2.90,1,11.17,192,1.000,0.00,0.00,2937,3,0.5,24.63,34,43,15.1,8.881,203,4320,350.00,0,0,0,0,1.000,13.33,100.0,5.871,0
4.753,8.6,-1.17,11.31,10,10,22,23,100.0,14.21,14.35,2.93,1,11.17,192,1.000,0.00,0.00,2745,3,0.5,25.37,34,43,15.1,8.958,203,4338,350.00,0,0,0,0,1.000,13.35,100.0,6.255,0
4.761,9.4,-1.17,11.20,10,10,22,22,100.0,14.21,14.31,2.92,1,11.17,192,1.000,0.00,0.00,2921,3,0.5,25.40,34,43,15.1,8.971,203,4344,350.00,0,0,0,0,1.000,13.36,100.0,6.426,0
4.794,9.4,-1.17,11.07,10,10,22,22,100.0,14.21,13.71,2.93,1,11.13,192,1.000,0.00,0.00,2919,3,0.5,24.99,34,43,15.1,8.944,203,4362,350.00,0,0,0,0,1.000,13.39,100.0,6.250,0
4.812,8.6,-1.17,11.04,10,10,22,22,100.0,14.21,14.20,2.93,1,11.13,192,1.000,0.00,0.00,3064,3,0.5,25.08,34,43,15.1,8.960,203,4377,350.00,0,0,0,0,1.000,13.41,100.0,6.121,0
4.819,8.6,-1.17,11.06,10,10,22,22,100.0,14.21,14.29,2.92,1,11.13,192,1.000,0.00,0.00,2904,3,0.5,25.14,34,43,15.1,8.940,203,4387,350.00,0,0,0,0,1.000,13.42,100.0,6.225,0
4.853,7.8,-1.17,11.03,10,10,22,22,100.0,14.21,14.41,2.92,1,11.13,192,1.000,0.00,0.00,2822,3,0.5,24.86,34,43,15.1,8.935,203,4387,350.00,0,0,0,0,1.000,13.42,100.0,6.280,0
4.873,7.8,-1.17,11.09,10,10,22,22,100.0,14.21,14.26,2.92,1,11.13,192,1.000,0.00,0.00,2672,3,1.0,25.81,34,43,15.2,8.975,203,4405,350.00,0,0,0,0,1.000,13.44,100.0,6.280,0
4.889,7.8,-1.17,11.24,10,10,22,22,100.0,14.21,13.95,2.90,1,11.13,192,1.000,0.00,0.00,2804,3,1.0,25.14,34,43,15.2,8.972,204,4430,350.00,0,0,0,0,1.000,13.44,100.0,6.165,0
4.914,7.8,-1.17,11.08,10,10,22,22,100.0,14.21,13.90,2.92,1,11.13,192,1.000,0.00,0.00,3034,3,1.0,25.19,34,43,15.2,9.004,204,4439,350.00,0,0,0,0,1.000,13.44,100.0,6.036,0
4.939,7.8,-1.17,11.17,10,10,21,21,100.0,14.21,14.52,2.92,1,11.13,192,1.000,0.00,0.00,3031,3,1.0,25.39,34,43,15.2,9.031,204,4460,350.00,0,0,0,0,1.000,13.44,100.0,6.011,0
4.956,7.8,-1.17,11.13,10,10,21,21,100.0,14.21,14.14,2.90,1,11.13,192,1.000,0.00,0.00,2879,3,1.0,25.61,34,43,15.2,9.006,204,4464,350.00,0,0,0,0,1.000,13.44,100.0,5.944,0
4.969,8.6,-1.17,11.20,10,10,21,21,100.0,14.21,14.18,2.93,1,11.13,192,1.000,0.00,0.00,2705,3,1.0,25.32,34,43,15.2,9.035,204,4475,350.00,0,0,0,0,1.000,13.44,100.0,5.987,0
4.982,8.6,-1.17,10.99,10,10,21,21,100.0,14.21,14.69,2.90,1,11.13,192,1.000,0.00,0.00,2856,3,1.0,25.39,34,43,15.2,9.005,204,4488,350.00,0,0,0,0,1.000,13.44,100.0,6.048,0
5.006,7.8,-1.17,11.14,10,10,21,21,100.0,14.21,14.69,2.92,1,11.13,192,1.000,0.00,0.00,2893,3,1.0,25.55,34,43,15.2,9.030,204,4486,350.00,0,0,0,0,1.000,13.44,100.0,5.993,0
5.020,7.8,-1.17,11.18,10,10,21,21,100.0,14.21,14.49,2.90,1,11.13,192,1.000,0.00,0.00,2847,3,1.0,25.54,34,43,15.2,9.007,204,4496,350.00,0,0,0,0,1.000,13.44,100.0,5.981,0
5.054,8.6,-1.17,11.12,10,10,20,21,100.0,14.21,14.38,2.90,1,11.13,192,1.000,0.00,0.00,2954,3,1.0,25.59,34,43,15.2,9.022,204,4505,350.00,0,0,0,0,1.000,13.44,100.0,6.249,0
5.066,8.6,-1.17,11.12,10,10,20,21,100.0,14.21,14.41,2.92,1,11.10,192,1.000,0.00,0.00,3058,3,1.0,25.72,34,43,15.2,9.043,204,4525,350.00,0,0,0,0,1.000,13.44,100.0,6.494,0
5.081,8.6,-1.17,11.23,10,10,20,21,100.0,14.21,14.64,2.92,1,11.10,192,1.000,0.00,0.00,3091,3,1.5,26.14,34,43,15.2,9.031,204,4542,350.00,0,0,0,0,1.000,13.44,100.0,6.286,0
5.108,8.6,-1.17,11.25,10,10,20,21,100.0,14.21,14.69,2.92,1,11.10,192,1.000,0.00,0.00,2838,3,1.5,26.13,34,43,15.2,9.064,204,4544,350.00,0,0,0,0,1.000,13.44,100.0,6.255,0
5.122,8.6,-1.17,11.05,10,10,20,21,100.0,14.21,14.11,2.92,1,11.10,192,1.000,0.00,0.00,2718,3,1.5,26.93,34,43,15.2,9.067,204,4575,350.00,0,0,0,0,1.000,13.44,100.0,6.420,0
5.148,8.6,-1.17,11.05,10,10,20,21,100.0,14.21,14.09,2.90,1,11.10,192,1.000,0.00,0.00,2789,3,1.5,26.99,34,43,15.2,9.054,204,4587,350.00,0,0,0,0,1.000,13.44,100.0,6.329,0
5.166,7.8,-1.17,11.04,10,10,20,20,100.0,14.21,14.29,2.90,1,11.10,192,1.000,0.00,0.00,2822,3,1.5,26.08,34,43,15.2,9.048,204,4591,350.00,0,0,0,0,1.000,13.44,100.0,6.262,0
5.189,7.8,-1.17,10.93,10,10,20,20,100.0,14.21,14.26,2.90,1,11.10,192,1.000,0.00,0.00,2858,3,2.0,26.92,34,43,15.2,9.035,204,4596,350.00,0,0,0,0,1.000,13.44,100.0,6.390,0
5.212,7.0,-1.17,11.13,10,10,20,20,100.0,14.21,14.61,2.87,1,11.10,192,1.000,0.00,0.00,2759,3,2.0,25.75,34,43,15.2,9.055,204,4602,350.00,0,0,0,0,1.000,13.44,100.0,6.725,0
5.226,7.0,-1.17,10.96,10,10,20,20,100.0,14.21,14.49,2.89,1,11.10,192,1.000,0.00,0.00,3033,3,1.5,26.05,34,43,15.2,9.085,204,4620,350.00,0,0,0,0,1.000,13.44,100.0,6.823,0
5.240,7.0,-1.17,11.09,10,10,19,20,100.0,14.21,14.19,2.87,1,11.10,192,1.000,0.00,0.00,2965,3,2.0,26.12,34,43,15.2,9.070,204,4634,350.00,0,0,0,0,1.000,13.44,100.0,6.799,0
5.265,7.0,-1.17,11.06,10,10,19,20,100.0,14.21,14.49,2.90,1,11.10,192,1.000,0.00,0.00,2870,3,1.5,26.09,34,43,15.2,9.045,204,4648,350.00,0,0,0,0,1.000,13.44,100.0,6.719,0
5.288,8.6,-1.17,11.23,9,10,19,19,100.0,14.21,14.08,2.89,1,11.07,192,1.000,0.00,0.00,2942,3,2.0,26.37,34,43,15.2,9.062,204,4664,350.00,0,0,0,0,1.000,13.44,100.0,6.384,0
5.311,8.6,-1.17,11.03,9,10,19,19,100.0,14.21,14.48,2.87,1,11.07,192,1.000,0.00,0.00,2986,3,2.5,26.42,34,43,15.2,9.073,204,4673,350.00,0,0,0,0,1.000,13.44,100.0,6.439,0
5.330,8.6,-1.17,11.04,10,11,19,19,100.0,14.21,14.15,2.87,1,11.07,192,1.000,0.00,0.00,2986,3,2.5,26.46,34,43,15.2,9.074,204,4669,350.00,0,0,0,0,1.000,13.44,100.0,6.414,0
5.354,8.6,-1.17,11.01,10,11,19,19,100.0,14.21,14.59,2.89,1,11.07,192,1.000,0.00,0.00,2916,3,2.5,26.54,34,43,15.2,9.100,204,4688,350.00,0,0,0,0,1.000,13.44,100.0,6.768,0
5.377,7.8,-1.17,11.01,10,11,19,19,100.0,14.21,14.17,2.85,1,11.07,192,1.000,0.00,0.00,2762,3,2.5,26.69,34,43,15.2,9.093,204,4706,350.00,0,0,0,0,1.000,13.44,100.0,6.519,0
5.394,7.8,-1.17,11.03,10,11,19,19,100.0,14.21,14.38,2.87,1,11.07,192,1.000,0.00,0.00,2946,3,2.5,26.41,34,43,15.2,9.105,204,4713,350.00,0,0,0,0,1.000,13.44,100.0,6.317,0
5.417,7.8,-1.17,11.18,10,11,19,19,100.0,14.21,14.34,2.87,1,11.07,192,1.000,0.00,0.00,2916,3,2.5,26.59,34,43,15.2,9.062,204,4735,350.00,0,0,0,0,1.000,13.44,100.0,6.872,0
5.430,7.8,-1.17,11.13,10,11,19,19,100.0,14.21,14.03,2.84,1,11.07,192,1.000,0.00,0.00,2869,3,3.0,26.67,34,43,15.2,9.113,204,4749,350.00,0,0,0,0,1.000,13.44,100.0,6.720,0
5.454,8.6,-1.17,11.04,10,10,19,19,100.0,14.21,14.34,2.85,1,11.10,192,1.000,0.00,0.00,2750,3,2.5,27.40,34,43,15.2,9.058,204,4771,350.00,0,0,0,0,1.000,13.44,100.0,6.293,0
5.469,8.6,-1.17,10.98,10,10,19,19,100.0,14.21,13.25,2.85,1,11.07,192,1.000,0.00,0.00,2853,3,3.0,26.64,34,43,15.2,9.116,204,4781,350.00,0,0,0,0,1.000,13.44,100.0,6.432,0
5.497,7.8,-1.17,11.08,10,10,19,19,100.0,14.21,13.88,2.84,1,11.07,192,1.000,0.00,0.00,2858,3,2.5,26.81,34,43,15.2,9.085,204,4783,350.00,0,0,0,0,1.000,13.44,100.0,6.463,0
5.517,7.8,-1.17,10.94,10,10,19,19,100.0,14.21,14.24,2.84,1,11.07,192,1.000,0.00,0.00,2872,3,2.5,26.66,34,43,15.2,9.105,204,4778,350.00,0,0,0,0,1.000,13.44,100.0,6.152,0
5.530,7.0,-1.17,11.06,10,9,18,19,100.0,14.21,13.25,2.84,1,11.07,194,1.000,0.00,0.00,2874,3,2.5,26.70,34,45,15.2,9.145,204,4786,350.00,0,0,0,0,1.000,13.44,100.0,6.396,0
5.557,7.0,-1.17,10.96,10,9,18,19,100.0,14.21,13.83,2.84,1,11.07,194,1.000,0.00,0.00,2759,3,3.0,26.55,34,45,15.2,9.121,204,4805,350.00,0,0,0,0,1.000,13.44,100.0,6.585,0
5.563,7.0,-0.78,11.13,10,9,18,18,100.0,14.21,14.32,2.82,1,11.07,194,1.000,0.00,0.00,2835,3,3.5,26.75,34,45,15.2,9.142,204,4817,350.00,0,0,0,0,1.000,13.44,100.0,6.385,0
5.591,7.0,-0.39,11.12,10,9,18,18,100.0,14.21,14.01,2.82,1,11.10,194,1.000,0.00,0.00,2949,3,3.5,27.23,34,45,15.2,9.145,204,4845,350.00,0,0,0,0,1.000,13.44,100.0,6.274,0
5.614,7.8,0.00,11.05,10,9,18,18,100.0,14.21,14.29,2.82,1,11.10,194,1.000,0.00,0.00,2829,3,3.5,27.29,34,45,15.2,9.110,204,4857,350.00,0,0,0,0,1.000,13.44,100.0,6.396,0
5.639,7.8,0.00,11.13,10,9,18,18,100.0,14.21,14.05,2.81,1,11.07,194,1.000,0.00,0.00,2759,3,3.5,27.32,34,45,15.2,9.141,204,4862,350.00,0,0,0,0,1.000,13.44,100.0,6.170,0
5.657,7.8,0.00,11.06,10,9,18,18,100.0,14.21,14.05,2.82,1,11.10,194,1.000,0.00,0.00,2803,3,3.5,27.34,34,45,15.2,9.168,204,4875,350.00,0,0,0,0,1.000,13.44,100.0,6.378,0
5.669,7.8,0.00,11.04,10,9,18,18,100.0,14.21,13.76,2.82,1,11.07,194,1.000,0.00,0.00,2808,3,3.5,27.50,34,45,15.2,9.170,204,4878,350.00,0,0,0,0,1.000,13.44,100.0,6.353,0
5.693,7.8,0.00,11.15,10,9,17,18,100.0,14.21,13.78,2.82,1,11.07,194,1.000,0.00,0.00,2951,3,3.5,27.47,34,45,15.2,9.179,204,4893,350.00,0,0,0,0,1.000,13.44,100.0,6.310,0
5.707,7.8,0.00,11.10,10,9,17,18,100.0,14.21,14.38,2.82,1,11.07,194,1.000,0.00,0.00,2997,3,3.5,27.48,34,45,15.2,9.183,204,4903,350.00,0,0,0,0,1.000,13.44,100.0,6.262,0
5.730,7.8,0.00,11.03,10,9,17,18,100.0,14.21,13.97,2.82,1,11.07,194,1.000,0.00,0.00,2999,3,3.5,27.56,34,45,15.2,9.188,204,4916,350.00,0,0,0,0,1.000,13.44,100.0,6.304,0
5.748,7.8,0.00,11.00,10,9,17,18,100.0,14.21,14.12,2.81,1,11.07,194,1.000,0.00,0.00,3026,3,3.5,27.73,34,45,15.2,9.166,204,4921,350.00,0,0,0,0,1.000,13.44,100.0,6.584,0
5.761,7.0,0.00,11.09,10,10,17,18,100.0,14.21,13.96,2.82,1,11.10,194,1.000,0.00,0.00,2902,3,3.5,27.64,34,45,15.2,9.221,204,4929,350.00,0,0,0,0,1.000,13.44,100.0,6.609,0
5.774,7.0,0.00,11.14,10,10,17,18,100.0,14.21,13.94,2.82,1,11.10,194,1.000,0.00,0.00,2921,3,3.5,27.77,34,45,15.2,9.180,204,4952,350.00,0,0,0,0,1.000,13.44,100.0,6.365,0
5.789,7.0,0.00,11.13,10,10,17,18,100.0,14.21,13.80,2.81,1,11.10,194,1.000,0.00,0.00,2897,3,3.5,27.75,34,45,15.2,9.186,204,4960,350.00,0,0,0,0,1.000,13.44,100.0,6.323,0
5.814,7.8,0.00,11.09,10,10,17,17,100.0,14.21,14.07,2.81,1,11.07,194,1.000,0.00,0.00,2825,3,3.5,28.02,34,45,15.2,9.204,204,4976,350.00,0,0,0,0,1.000,13.44,100.0,6.469,0
5.829,7.8,0.00,11.06,10,10,17,17,100.0,14.21,13.79,2.82,1,11.04,194,1.000,0.00,0.00,2874,3,3.5,28.07,34,45,15.2,9.214,204,4979,350.00,0,0,0,0,1.000,13.44,100.0,6.347,0
5.857,7.8,0.00,10.99,10,10,17,17,100.0,14.21,13.70,2.81,1,11.04,194,1.000,0.00,0.00,2869,3,3.5,28.04,34,45,15.2,9.199,204,4984,350.00,0,0,0,0,1.000,13.44,100.0,6.310,0
5.875,7.8,0.00,11.00,10,10,17,17,100.0,14.21,13.54,2.81,1,11.07,194,1.000,0.00,0.00,2945,3,3.5,28.12,34,45,15.2,9.206,204,4997,350.00,0,0,0,0,1.000,13.44,100.0,6.262,0
5.888,7.0,0.00,11.05,9,10,16,17,100.0,14.21,13.88,2.82,1,11.07,194,1.000,0.00,0.00,2819,3,3.5,27.99,34,45,15.2,9.229,204,5000,350.00,0,0,0,0,1.000,13.44,100.0,6.335,0
5.919,7.0,0.00,10.96,9,10,16,17,100.0,14.21,13.38,2.81,1,11.04,194,1.000,0.00,0.00,2992,3,3.5,27.89,34,45,15.2,9.227,204,5016,350.00,0,0,0,0,1.000,13.44,100.0,6.341,0
5.937,7.0,0.00,10.96,9,10,16,16,100.0,14.21,14.03,2.81,1,11.07,194,1.000,0.00,0.00,2858,3,3.5,27.94,34,45,15.2,9.208,204,5032,350.00,0,0,0,0,1.000,13.44,100.0,6.432,0
5.950,7.0,0.00,11.11,9,10,16,16,100.0,14.21,13.71,2.81,1,11.07,194,1.000,0.00,0.00,2925,3,3.5,27.91,34,45,15.2,9.258,204,5032,350.00,0,0,0,0,1.000,13.44,100.0,6.402,0
5.979,7.0,0.00,11.03,9,10,16,16,100.0,14.21,13.56,2.81,1,11.07,194,1.000,0.00,0.00,2872,3,3.5,28.03,34,45,15.2,9.232,204,5054,350.00,0,0,0,0,1.000,13.44,100.0,6.292,0
5.997,7.0,0.00,11.02,9,10,16,16,100.0,14.21,13.73,2.81,1,11.04,194,1.000,0.00,0.00,2970,3,3.5,29.13,34,45,15.2,9.232,204,5065,350.00,0,0,0,0,1.000,13.44,100.0,6.237,0
6.010,7.0,0.00,11.03,9,10,16,16,100.0,14.21,13.24,2.79,1,11.04,194,1.000,0.00,0.00,2980,3,3.5,28.47,34,45,15.2,9.233,204,5079,350.00,0,0,0,0,1.000,13.44,100.0,6.243,0
6.028,7.0,0.00,10.91,9,10,16,16,100.0,14.21,14.08,2.79,1,11.07,194,1.000,0.00,0.00,2961,3,3.5,28.21,34,45,15.2,9.255,204,5087,350.00,0,0,0,0,1.000,13.44,100.0,6.286,0
6.041,7.0,0.00,10.91,9,10,15,16,100.0,14.21,14.14,2.79,1,11.07,194,1.000,0.00,0.00,2866,3,3.5,28.15,34,45,15.2,9.248,204,5092,350.00,0,0,0,0,1.000,13.44,100.0,6.359,0
6.060,7.0,0.00,11.03,9,10,15,16,100.0,14.21,14.41,2.79,1,11.07,194,1.000,0.00,0.00,2861,3,3.5,28.23,34,45,15.2,9.259,204,5106,350.00,0,0,0,0,1.000,13.44,100.0,6.463,0
6.073,7.0,0.00,11.10,9,10,15,16,100.0,14.21,14.01,2.81,1,11.07,194,1.000,0.00,0.00,2940,3,3.5,28.21,34,45,15.2,9.266,204,5117,350.00,0,0,0,0,1.000,13.44,100.0,6.378,0
6.102,7.8,0.00,10.93,9,10,16,16,100.0,14.21,13.82,2.79,1,11.00,194,1.000,0.00,0.00,2995,3,3.5,28.62,34,45,15.2,9.260,204,5123,350.00,0,0,0,0,1.000,13.44,100.0,6.414,0
6.110,7.8,0.00,10.95,9,10,16,16,100.0,14.21,13.80,2.79,1,11.04,194,1.000,0.00,0.00,2778,3,3.5,28.36,34,45,15.2,9.272,204,5129,350.00,0,0,0,0,1.000,13.44,100.0,6.323,0
6.127,7.0,0.00,10.95,10,9,15,16,100.0,14.21,14.30,2.79,1,11.04,194,1.000,0.00,0.00,2890,3,3.5,28.43,34,45,15.2,9.280,204,5140,350.00,0,0,0,0,1.000,13.44,100.0,6.189,0
6.142,7.0,0.00,10.94,10,9,15,16,100.0,14.21,13.85,2.79,1,11.04,194,1.000,0.00,0.00,2855,3,3.5,28.56,34,45,15.2,9.269,204,5140,350.00,0,0,0,0,1.000,13.44,100.0,6.456,0
6.166,6.2,0.00,10.96,9,9,15,15,100.0,14.21,13.67,2.78,1,11.04,194,1.000,0.00,0.00,2990,3,4.0,28.40,34,45,15.2,9.283,204,5162,350.00,0,0,0,0,1.000,13.44,100.0,6.457,0
6.179,6.2,0.00,10.98,9,9,15,15,100.0,14.21,13.63,2.78,1,11.04,194,1.000,0.00,0.00,3052,3,4.0,28.46,34,45,15.2,9.292,204,5174,350.00,0,0,0,0,1.000,13.44,100.0,6.335,0
6.203,7.0,0.00,11.07,10,10,15,15,100.0,14.21,14.46,2.78,1,11.04,194,1.000,0.00,0.00,2926,3,4.0,28.67,34,45,15.2,9.263,204,5188,350.00,0,0,0,0,1.000,13.44,100.0,6.262,0
6.223,7.0,0.00,11.04,10,10,15,15,100.0,14.21,13.83,2.79,1,11.04,194,1.000,0.00,0.00,2886,3,4.0,28.57,34,45,15.2,9.262,204,5188,350.00,0,0,0,0,1.000,13.44,100.0,6.639,0
6.231,7.0,0.00,11.08,10,10,15,15,100.0,14.21,13.76,2.78,1,11.04,194,1.000,0.00,0.00,2976,3,4.0,28.75,34,45,15.2,9.334,204,5194,350.00,0,0,0,0,1.000,13.44,100.0,6.725,0
6.261,6.2,0.00,11.00,10,10,15,15,100.0,14.21,14.30,2.79,1,11.04,194,1.000,0.00,0.00,2903,3,4.0,28.58,34,45,15.1,9.303,204,5208,350.00,0,0,0,0,1.000,13.43,100.0,6.384,0
6.269,6.2,0.00,10.97,10,10,15,15,100.0,14.21,13.51,2.78,1,11.00,194,1.000,0.00,0.00,3065,3,4.5,28.69,34,45,15.1,9.285,204,5229,350.00,0,0,0,0,1.000,13.42,100.0,6.231,0
6.287,6.2,0.00,10.98,10,10,14,15,100.0,14.21,14.34,2.76,1,11.00,194,1.000,0.00,0.00,2958,3,4.5,28.99,34,45,15.1,9.272,204,5246,350.00,0,0,0,0,1.000,13.41,100.0,6.298,0
6.301,6.2,0.00,10.90,10,10,14,15,100.0,14.21,13.72,2.78,1,11.04,194,1.000,0.00,0.00,2772,3,4.5,28.72,34,45,15.1,9.343,204,5252,350.00,0,0,0,0,1.000,13.40,100.0,6.244,0
6.322,6.2,0.00,11.01,9,10,14,14,100.0,14.21,12.92,2.76,1,11.00,194,1.000,0.00,0.00,2916,3,4.5,28.75,34,45,15.1,9.304,204,5252,350.00,0,0,0,0,1.000,13.40,100.0,6.207,0
6.349,6.2,0.00,10.99,9,10,14,14,100.0,14.21,14.08,2.76,1,11.00,194,1.000,0.00,0.00,3001,3,4.5,28.75,34,45,15.1,9.352,204,5252,350.00,0,0,0,0,1.000,13.40,100.0,6.378,0
6.361,7.0,0.00,10.96,10,10,14,14,100.0,14.21,13.09,2.76,1,11.00,194,1.000,0.00,0.00,2864,3,4.5,28.77,34,45,15.1,9.347,204,5261,350.00,0,0,0,0,1.000,13.40,100.0,6.256,0
6.385,7.0,0.00,11.17,10,10,14,14,100.0,14.21,14.41,2.76,1,11.00,194,1.000,0.00,0.00,3013,3,4.5,29.09,34,45,15.1,9.333,204,5270,350.00,0,0,0,0,1.000,13.39,100.0,6.213,0
6.404,7.0,0.00,11.08,10,11,14,14,100.0,14.21,14.15,2.75,1,11.00,194,1.000,0.00,0.00,2814,3,4.5,29.27,34,45,15.1,9.321,204,5288,350.00,0,0,0,0,1.000,13.38,100.0,6.201,0
6.417,7.0,0.00,10.95,10,11,14,14,100.0,14.21,14.09,2.76,1,11.00,194,1.000,0.00,0.00,2875,3,4.5,29.09,34,45,15.1,9.313,204,5296,350.00,0,0,0,0,1.000,13.37,100.0,6.371,0
6.435,7.0,0.00,10.92,10,11,14,14,100.0,14.21,13.96,2.76,1,11.00,194,1.000,0.00,0.00,3079,3,4.5,29.14,32,45,15.1,9.327,204,5305,350.00,0,0,0,0,1.000,13.37,100.0,6.475,0
6.448,6.2,0.00,11.01,10,10,14,14,100.0,14.21,14.37,2.76,1,11.00,194,1.000,0.00,0.00,3004,3,4.5,29.25,34,45,15.1,9.323,204,5318,350.00,0,0,0,0,1.000,13.36,100.0,6.317,0
6.460,6.2,0.00,11.04,10,10,14,14,100.0,14.21,13.49,2.76,1,11.00,194,1.000,0.00,0.00,2954,3,4.5,29.17,32,45,15.1,9.329,204,5327,350.00,0,0,0,0,1.000,13.35,100.0,6.481,0
6.484,6.2,0.00,10.94,10,10,13,13,100.0,14.21,12.86,2.75,1,11.00,194,1.000,0.00,0.00,2779,3,5.0,29.02,32,45,15.1,9.324,204,5333,350.00,0,0,0,0,1.000,13.35,100.0,6.451,0
6.511,6.2,0.00,10.90,10,10,13,13,100.0,14.21,13.32,2.75,1,11.00,194,1.000,0.00,0.00,2910,3,5.0,29.18,32,45,15.1,9.340,204,5351,350.00,0,0,0,0,1.000,13.33,100.0,6.481,0
6.530,7.0,0.00,10.89,10,10,13,13,100.0,14.21,14.17,2.73,1,10.97,194,1.000,0.00,0.00,2810,3,5.0,29.20,32,46,15.1,9.346,204,5360,350.00,0,0,0,0,1.000,13.33,100.0,6.311,0
6.543,7.0,0.00,11.03,10,10,13,13,100.0,14.21,13.31,2.73,1,11.00,194,1.000,0.00,0.00,2763,3,5.0,29.26,32,46,15.1,9.336,204,5379,350.00,0,0,0,0,1.000,13.31,100.0,6.475,0
6.568,7.0,0.00,11.05,10,9,13,13,100.0,14.21,14.12,2.73,1,11.00,194,1.000,0.00,0.00,2919,3,5.0,29.26,32,46,15.1,9.320,204,5379,350.00,0,0,0,0,1.000,13.31,100.0,6.475,0
6.581,7.0,0.00,10.86,10,9,13,13,100.0,14.21,13.94,2.73,1,11.00,194,1.000,0.00,0.00,2851,3,5.0,29.34,32,46,15.1,9.307,204,5379,350.00,0,0,0,0,1.000,13.31,100.0,6.280,0
6.609,6.2,0.00,10.90,10,9,12,12,100.0,14.21,13.24,2.73,1,11.00,194,1.000,0.00,0.00,2879,3,5.0,28.82,32,46,15.1,9.382,204,5385,350.00,0,0,0,0,1.000,13.31,100.0,6.445,0
6.621,6.2,0.00,11.00,10,9,12,12,100.0,14.21,12.96,2.72,1,11.00,194,1.000,0.00,0.00,2859,3,5.0,29.29,32,46,15.1,9.326,204,5403,350.00,0,0,0,0,1.000,13.30,100.0,6.348,0
6.639,7.8,0.00,11.15,9,10,12,12,100.0,14.21,13.89,2.73,1,10.97,194,1.000,0.00,0.00,2973,3,5.0,29.13,32,46,14.9,9.352,204,5416,350.00,0,0,0,0,1.000,13.29,100.0,6.335,0
6.653,7.8,0.00,11.11,9,10,12,12,100.0,14.21,13.73,2.72,1,10.97,194,1.000,0.00,0.00,2917,3,5.0,29.65,32,46,14.9,9.369,204,5435,350.00,0,0,0,0,1.000,13.27,100.0,6.402,0
6.667,7.8,0.00,11.14,9,10,12,12,100.0,14.21,12.72,2.72,1,10.97,194,1.000,0.00,0.00,2973,3,5.0,29.67,32,46,14.9,9.336,204,5438,350.00,0,0,0,0,1.000,13.27,100.0,6.353,0
6.690,7.8,0.00,11.13,10,9,12,12,100.0,14.21,13.66,2.72,1,10.97,194,1.000,0.00,0.00,2765,3,5.0,29.78,32,46,14.9,9.354,204,5450,350.00,0,0,0,0,1.000,13.26,100.0,6.524,0
6.717,7.8,0.00,11.14,10,9,12,12,100.0,14.21,13.18,2.72,1,10.97,194,1.000,0.00,0.00,2832,3,5.0,29.96,32,46,14.9,9.389,204,5454,350.00,0,0,0,0,1.000,13.26,100.0,6.390,0
6.736,7.8,0.00,11.01,10,10,12,12,100.0,14.21,13.91,2.68,1,10.97,194,1.000,0.00,0.00,2910,3,5.0,29.83,32,46,14.9,9.363,204,5457,350.00,0,0,0,0,1.000,13.26,100.0,6.213,0
6.749,7.8,0.00,10.89,10,10,12,12,100.0,14.21,12.72,2.70,1,10.97,194,1.000,0.00,0.00,3017,3,5.5,29.63,32,46,14.9,9.358,204,5466,350.00,0,0,0,0,1.000,13.25,100.0,6.639,0
6.766,7.0,0.00,10.98,10,10,11,11,100.0,14.21,13.09,2.70,1,10.97,194,1.000,0.00,0.00,2861,3,5.5,29.69,32,46,14.9,9.352,204,5476,350.00,0,0,0,0,1.000,13.25,100.0,6.750,0
6.789,7.0,0.00,10.91,10,10,11,11,100.0,14.21,13.72,2.70,1,10.97,194,1.000,0.00,0.00,2986,3,5.5,29.64,32,46,14.9,9.312,204,5505,350.00,0,0,0,0,1.000,13.23,100.0,6.256,0
6.812,7.0,0.00,11.08,10,10,11,11,100.0,14.21,12.90,2.70,1,10.94,194,1.000,0.00,0.00,2810,3,5.5,29.69,32,46,14.9,9.366,204,5515,350.00,0,0,0,0,1.000,13.22,100.0,6.579,0
6.829,7.0,0.00,11.03,10,10,11,11,100.0,14.21,12.85,2.68,1,10.94,194,1.000,0.00,0.00,2814,3,5.5,29.89,32,46,14.9,9.353,204,5521,350.00,0,0,0,0,1.000,13.21,100.0,6.366,0
6.852,7.8,0.00,11.01,10,10,11,11,100.0,14.21,12.48,2.68,1,10.97,194,1.000,0.00,0.00,3043,3,5.5,30.07,32,46,14.9,9.352,204,5541,350.00,0,0,0,0,1.000,13.20,100.0,6.207,0
6.868,7.8,0.00,10.89,10,10,11,11,100.0,14.21,12.75,2.67,1,10.97,194,1.000,0.00,0.00,2925,3,5.5,29.93,32,46,14.9,9.330,204,5541,350.00,0,0,0,0,1.000,13.20,100.0,6.548,0
6.883,7.0,0.00,10.80,10,10,11,11,100.0,14.21,12.95,2.68,1,10.97,194,1.000,0.00,0.00,2934,3,6.0,29.89,32,46,14.9,9.347,204,5541,350.00,0,0,0,0,1.000,13.20,100.0,6.488,0
6.911,7.0,0.00,10.87,10,10,11,11,100.0,14.21,13.25,2.67,1,10.97,194,1.000,0.00,0.00,2912,3,5.5,29.62,32,46,14.9,9.358,204,5551,350.00,0,0,0,0,1.000,13.19,100.0,6.189,0
6.929,6.2,0.00,10.83,10,10,10,10,100.0,14.21,12.39,2.65,1,10.94,194,1.000,0.00,0.00,2940,3,6.0,29.59,32,46,14.9,9.362,204,5570,350.00,0,0,0,0,1.000,13.18,100.0,6.614,0
6.943,6.2,0.00,11.03,10,10,10,10,100.0,14.21,12.86,2.67,1,10.94,194,1.000,0.00,0.00,2897,3,6.0,29.60,32,46,14.9,9.335,204,5584,350.00,0,0,0,0,1.000,13.17,100.0,6.616,0
6.971,7.8,0.00,10.95,10,10,10,10,100.0,14.21,13.50,2.65,1,10.94,194,1.000,0.00,0.00,2718,3,6.0,29.81,32,46,14.9,9.367,204,5590,350.00,0,0,0,0,1.000,13.16,100.0,6.232,0
7.003,7.8,0.00,10.89,10,10,10,10,100.0,14.21,12.30,2.64,1,10.94,194,1.000,0.00,0.00,2848,3,6.0,29.88,32,46,14.9,9.364,204,5594,350.00,0,0,0,0,1.000,13.16,100.0,6.359,0
7.020,7.0,0.00,10.87,10,10,10,10,100.0,14.21,12.86,2.64,1,10.94,194,1.000,0.00,0.00,2814,3,6.5,29.64,32,46,14.8,9.368,204,5617,348.94,0,0,0,0,1.000,13.13,100.0,6.610,0
7.043,7.0,0.00,11.03,10,10,10,10,100.0,14.21,13.45,2.65,1,10.94,194,1.000,0.00,0.00,2987,3,6.5,29.76,32,46,14.8,9.388,204,5630,348.09,0,0,0,0,1.000,13.10,100.0,6.177,0
7.059,7.0,0.00,10.90,10,10,10,10,100.0,14.21,12.32,2.64,1,10.94,194,1.000,0.00,0.00,2961,3,6.5,29.76,32,46,14.8,9.361,204,5644,347.24,0,0,0,0,1.000,13.02,100.0,6.365,0
7.082,6.2,0.00,10.83,10,11,9,9,100.0,14.21,12.72,2.64,1,10.94,194,1.000,0.00,0.00,2766,3,6.5,30.04,32,46,14.8,9.416,204,5661,346.18,0,0,0,0,1.000,12.94,100.0,6.890,0
7.105,6.2,0.00,10.99,10,11,9,9,100.0,14.21,13.62,2.64,1,10.94,194,1.000,0.00,0.00,2903,3,6.5,29.77,32,46,14.8,9.406,204,5665,345.95,0,0,0,0,1.000,12.85,100.0,6.635,0
7.131,7.0,0.00,10.90,10,11,9,9,100.0,14.21,12.13,2.62,1,10.94,194,1.000,0.00,0.00,2929,3,7.0,29.79,32,48,14.8,9.358,204,5668,345.75,0,0,0,0,1.000,12.85,100.0,6.359,0
7.144,7.0,0.00,10.94,10,11,9,9,100.0,14.21,12.52,2.61,1,10.94,194,1.000,0.00,0.00,2918,3,7.0,29.75,32,48,14.6,9.355,204,5675,345.31,0,0,0,0,1.000,12.78,100.0,6.506,0
7.167,7.0,0.00,10.96,10,10,9,9,100.0,14.21,12.11,2.61,1,10.94,194,1.000,0.00,0.00,2976,3,7.0,28.71,32,48,14.6,9.383,204,5682,344.89,0,0,0,0,1.000,12.75,100.0,6.768,0
7.185,7.0,0.00,10.94,10,10,9,9,100.0,14.21,11.98,2.61,1,10.94,194,1.000,0.00,0.00,2959,3,7.0,29.81,32,48,14.6,9.382,204,5706,343.38,0,0,0,0,1.000,12.63,100.0,6.586,0
7.198,7.0,0.00,10.94,10,10,9,9,100.0,14.21,12.17,2.59,1,10.94,194,1.000,0.00,0.00,2796,3,7.0,29.89,32,48,14.6,9.352,204,5713,342.94,0,0,0,0,1.000,12.52,100.0,6.329,0
7.216,7.0,0.00,11.03,10,10,8,8,100.0,14.21,12.69,2.59,1,10.94,194,1.000,0.00,0.00,2916,3,7.5,29.91,32,48,14.6,9.380,204,5716,342.94,0,0,0,0,1.000,12.52,100.0,6.487,0
7.229,7.0,0.00,10.90,10,10,8,8,100.0,14.21,13.10,2.59,1,10.94,194,1.000,0.00,0.00,2861,3,7.0,29.87,32,48,14.6,9.377,204,5727,342.08,0,0,0,0,1.000,12.47,100.0,6.774,0
7.247,7.0,0.00,10.87,10,10,8,8,100.0,14.21,12.05,2.59,1,10.94,194,1.000,0.00,0.00,2880,3,7.5,29.76,32,48,14.6,9.381,204,5737,341.64,0,0,0,0,1.000,12.39,100.0,6.768,0
7.260,7.0,0.00,10.84,10,10,8,8,100.0,14.21,11.82,2.59,1,10.94,194,1.000,0.00,0.00,2837,3,7.5,29.70,32,48,14.5,9.368,204,5737,341.41,0,0,0,0,1.000,12.31,100.0,6.780,0
7.288,7.0,0.00,10.91,10,10,7,7,100.0,14.21,12.46,2.58,1,10.94,194,1.000,0.00,0.00,3042,3,7.5,29.77,32,48,14.5,9.393,204,5751,340.54,0,0,0,0,1.000,12.24,100.0,6.586,0
7.300,7.0,0.00,10.87,10,10,7,7,100.0,14.21,12.20,2.58,1,10.94,194,1.000,0.00,0.00,2983,3,7.5,30.00,32,48,14.5,9.382,204,5766,339.64,0,0,0,0,1.000,12.13,100.0,6.573,0
7.322,7.8,0.00,10.89,10,10,7,7,100.0,14.21,12.13,2.58,1,10.94,194,1.000,0.00,0.00,2766,3,7.5,29.96,32,48,14.5,9.386,204,5773,339.43,0,0,0,0,1.000,12.11,100.0,7.012,0
7.337,7.8,0.00,10.96,10,10,7,7,100.0,14.21,11.58,2.58,1,10.94,194,1.000,0.00,0.00,2968,3,7.5,30.00,32,48,14.5,9.385,204,5783,338.54,0,0,0,0,1.000,12.03,100.0,6.982,0
7.352,7.8,0.00,11.00,10,10,7,7,100.0,14.21,12.98,2.56,1,10.94,194,1.000,0.00,0.00,2908,3,7.5,30.03,32,48,14.5,9.324,204,5790,338.09,0,0,0,0,1.000,11.95,100.0,6.793,0
7.376,7.8,0.00,10.90,10,10,6,6,100.0,14.21,11.93,2.56,1,10.94,194,1.000,0.00,0.00,2987,3,7.5,30.00,32,48,14.5,9.356,204,5801,338.09,0,0,0,0,1.000,11.91,100.0,7.084,0
7.390,7.8,0.00,10.90,10,10,6,6,100.0,14.21,11.62,2.56,1,10.91,194,1.000,0.00,0.00,2953,3,7.5,28.92,32,48,14.4,9.374,204,5812,336.74,0,0,0,0,1.000,11.85,100.0,7.526,0
7.418,7.0,0.00,11.00,10,10,6,6,100.0,14.21,11.84,2.54,1,10.91,194,1.000,0.00,0.00,2785,3,8.0,29.88,32,48,14.4,9.353,204,5816,336.51,0,0,0,0,1.000,11.79,100.0,7.136,0
7.438,7.0,0.00,11.01,10,10,6,6,100.0,14.21,11.99,2.54,1,10.94,194,1.000,0.00,0.00,2870,3,8.0,29.79,32,48,14.4,9.316,204,5819,336.29,0,0,0,0,1.000,11.74,100.0,6.738,0
7.451,7.8,0.00,10.94,10,10,5,5,100.0,14.21,11.73,2.53,1,10.94,194,1.000,0.00,0.00,2819,3,8.0,29.80,32,48,14.4,9.359,204,5830,335.61,0,0,0,0,1.000,11.72,100.0,7.073,0
7.465,7.8,0.00,10.88,10,10,5,5,100.0,14.21,12.37,2.53,1,10.94,194,1.000,0.00,0.00,2948,3,8.0,29.86,32,48,14.4,9.385,204,5848,334.48,0,0,0,0,1.000,11.65,100.0,7.153,0
7.487,7.0,0.00,10.96,10,10,5,5,100.0,14.21,11.76,2.53,1,10.94,194,1.000,0.00,0.00,3036,3,8.0,29.72,32,48,14.4,9.332,204,5867,333.33,0,0,0,0,1.000,11.57,100.0,6.879,0
7.500,7.0,0.00,10.88,10,10,5,5,100.0,14.21,12.49,2.53,1,10.91,194,1.000,0.00,0.00,2920,3,8.0,29.72,32,48,14.4,9.347,204,5867,333.33,0,0,0,0,1.000,11.53,100.0,6.896,0
7.525,7.0,0.00,10.88,10,10,4,4,100.0,14.21,12.45,2.51,1,10.94,194,1.000,0.00,0.00,2903,3,8.0,29.89,32,48,14.2,9.332,204,5878,332.64,0,0,0,0,1.000,11.51,100.0,7.214,0
7.544,7.0,0.00,10.88,10,10,4,4,100.0,14.21,11.91,2.51,1,10.94,194,1.000,0.00,0.00,2864,3,8.5,29.71,32,48,14.2,9.317,204,5885,332.19,0,0,0,0,1.000,11.46,100.0,7.586,0
7.566,6.2,0.00,10.89,10,10,4,4,100.0,14.21,10.92,2.51,1,10.94,194,1.000,0.00,0.00,2904,3,8.5,29.64,32,48,14.2,9.327,204,5900,331.25,0,0,0,0,1.000,11.42,100.0,7.288,0
7.589,6.2,0.00,10.99,10,10,4,4,100.0,14.21,11.16,2.50,1,10.94,194,1.000,0.00,0.00,2920,3,8.5,29.66,32,48,14.2,9.309,204,5904,331.03,0,0,0,0,1.000,11.41,100.0,7.038,0
7.607,7.0,0.00,10.94,10,10,3,3,100.0,14.21,11.10,2.51,1,10.94,194,1.000,0.00,0.00,2937,3,8.5,29.60,32,50,14.2,9.380,204,5904,331.03,0,0,0,0,1.000,11.41,100.0,6.884,0
7.630,7.0,0.39,10.90,10,10,3,3,100.0,14.21,11.54,2.48,1,10.91,194,1.000,0.00,0.00,2919,3,8.5,29.72,32,50,14.2,9.371,204,5919,330.09,0,0,0,0,1.000,11.38,100.0,6.829,0
7.651,7.0,0.39,10.92,10,10,3,3,100.0,14.21,11.56,2.48,1,10.94,194,1.000,0.00,0.00,3004,3,8.5,29.74,32,50,14.2,9.364,204,5922,329.85,0,0,0,0,1.000,11.35,100.0,6.793,0
7.659,7.0,0.39,10.82,10,10,3,3,100.0,14.21,11.57,2.48,1,10.94,194,1.000,0.00,0.00,2999,3,8.5,29.70,32,50,14.2,9.352,204,5930,329.39,0,0,0,0,1.000,11.34,100.0,7.037,0
7.692,6.2,0.39,10.94,10,10,2,2,100.0,14.21,11.40,2.48,1,10.94,194,1.000,0.00,0.00,2849,3,8.5,29.59,32,50,14.2,9.341,204,5941,328.68,0,0,0,0,1.000,11.33,100.0,7.275,0
7.710,6.2,0.39,10.98,10,10,2,2,100.0,14.21,11.04,2.47,1,10.91,194,1.000,0.00,0.00,2829,3,9.0,29.61,32,50,14.1,9.351,204,5967,327.26,0,0,0,0,1.000,11.23,100.0,7.012,0
7.724,7.0,-0.39,10.96,10,10,2,2,100.0,14.21,11.03,2.47,1,10.91,194,1.000,0.00,0.00,2981,3,9.0,29.67,32,50,14.1,9.381,204,5979,326.31,0,0,0,0,1.000,11.19,100.0,7.098,0
7.755,7.0,-0.78,10.86,10,10,2,2,100.0,14.21,10.89,2.47,1,10.91,194,1.000,0.00,0.00,3009,3,9.0,29.71,32,50,14.1,9.361,204,5987,325.84,0,0,0,0,1.000,11.19,100.0,6.964,0
7.768,7.0,-1.17,10.88,10,10,1,1,100.0,14.21,10.85,2.45,1,10.91,194,1.000,0.00,0.00,3007,3,9.0,29.33,32,50,14.1,9.336,205,5990,325.60,0,0,0,0,1.000,11.17,100.0,6.939,0
7.783,7.0,-1.17,10.91,10,10,1,1,100.0,14.21,10.79,2.47,1,10.91,194,1.000,0.00,0.00,2903,3,9.0,29.35,32,50,14.1,9.339,205,5994,325.36,0,0,0,0,1.000,11.18,100.0,6.939,0
7.809,7.0,-1.17,10.94,10,10,1,1,100.0,14.21,10.88,2.45,1,10.91,194,1.000,0.00,0.00,2895,3,9.0,29.39,32,50,13.9,9.342,205,6010,324.40,0,0,0,0,1.000,11.14,100.0,6.841,0
7.824,7.0,-1.17,10.96,10,10,1,1,100.0,14.21,10.76,2.45,1,10.91,194,1.000,0.00,0.00,2985,3,9.0,29.36,32,50,13.9,9.346,205,6013,324.16,0,0,0,0,1.000,11.10,100.0,6.841,0
7.851,7.8,-1.17,10.92,10,10,1,0,100.0,14.21,10.68,2.45,1,10.91,194,1.000,0.00,0.00,2959,3,9.0,29.62,32,50,13.9,9.352,205,6021,323.68,0,0,0,0,1.000,11.09,100.0,6.915,0
7.872,7.8,-1.17,10.93,10,10,1,0,100.0,14.21,10.70,2.45,1,10.91,194,1.000,0.00,0.00,3008,3,9.0,29.55,32,50,13.9,9.372,205,6033,322.94,0,0,0,0,1.000,11.04,100.0,6.811,0
7.888,7.0,-1.17,10.87,10,10,0,0,100.0,14.21,10.76,2.45,1,10.91,194,1.000,0.00,0.00,2870,3,9.0,29.49,32,50,13.9,9.377,205,6033,322.94,0,0,0,0,1.000,11.01,100.0,6.793,0
7.914,7.0,-1.17,10.94,10,10,0,0,100.0,14.21,11.03,2.45,1,10.91,194,1.000,0.00,0.00,3017,3,9.0,29.57,32,50,13.9,9.373,205,6052,321.74,0,0,0,0,1.000,10.96,100.0,6.909,0
7.930,7.8,-1.17,10.95,10,10,0,-1,100.0,14.21,11.06,2.44,1,10.91,194,1.000,0.00,0.00,3033,3,9.0,29.63,32,50,13.9,9.361,205,6068,320.76,0,0,0,0,1.000,10.89,100.0,7.000,0
7.946,7.8,-1.17,10.95,10,10,0,-1,100.0,14.21,11.05,2.44,1,10.91,194,1.000,0.00,0.00,2984,3,9.0,29.67,32,50,13.9,9.330,205,6076,320.26,0,0,0,0,1.000,10.86,100.0,7.110,0
7.971,7.8,-1.17,10.97,10,10,0,-1,100.0,14.21,11.06,2.44,1,10.91,194,1.000,0.00,0.00,2980,3,9.0,29.64,32,50,13.9,9.376,205,6088,319.53,0,0,0,0,1.000,10.81,100.0,7.238,0
8.001,7.8,-1.17,10.90,10,10,0,-1,100.0,14.21,10.92,2.44,1,10.91,194,1.000,0.00,0.00,2997,3,9.0,29.70,32,50,13.8,9.377,205,6104,318.53,0,0,0,0,1.000,10.72,100.0,7.177,0
8.018,7.8,-1.17,10.98,10,10,0,-1,100.0,14.21,10.71,2.45,1,10.91,194,1.000,0.00,0.00,2799,3,9.0,29.89,32,50,13.8,9.358,205,6107,318.28,0,0,0,0,1.000,10.71,100.0,7.287,0
8.032,7.8,-1.17,10.87,10,10,0,-1,100.0,14.21,10.40,2.42,1,10.88,194,1.000,0.00,0.00,2838,3,9.0,29.74,32,50,13.8,9.339,205,6111,318.04,0,0,0,0,1.000,10.70,100.0,7.232,0
8.051,7.0,-1.17,10.88,10,10,-1,-1,100.0,14.21,10.62,2.44,1,10.91,194,1.000,0.00,0.00,2897,3,9.0,29.68,32,52,13.8,9.357,205,6115,317.78,0,0,0,0,1.000,10.67,100.0,7.061,0
8.065,7.0,-1.17,10.95,10,10,-1,-1,100.0,14.21,11.79,2.42,1,10.91,194,1.000,0.00,0.00,2828,3,9.0,29.70,32,52,13.8,9.349,205,6119,317.54,0,0,0,0,1.000,10.67,100.0,7.067,0
8.096,7.0,-1.17,10.92,10,10,-1,-1,100.0,14.21,10.95,2.40,1,10.91,194,1.000,0.00,0.00,2867,3,9.0,29.58,32,52,13.8,9.354,205,6119,317.54,0,0,0,0,1.000,10.66,100.0,7.183,0
8.114,7.0,-1.17,10.91,10,10,-1,-1,100.0,14.21,11.37,2.40,1,10.91,194,1.000,0.00,0.00,2790,3,9.0,29.54,32,52,13.8,9.349,205,6143,316.04,0,0,0,0,1.000,10.61,100.0,7.208,0
8.127,7.8,-1.17,10.90,10,10,-1,-2,100.0,14.21,11.18,2.40,1,10.91,194,1.000,0.00,0.00,2966,3,9.0,29.56,32,52,13.8,9.380,205,6152,315.53,0,0,0,0,1.000,10.55,100.0,7.263,0
8.140,7.8,-1.17,10.85,10,10,-1,-2,93.2,14.21,11.23,2.40,1,10.88,194,1.000,0.00,0.00,2876,3,9.0,29.62,32,52,13.8,9.355,205,6164,314.76,0,0,0,0,1.000,10.53,100.0,7.433,0
8.163,7.8,-1.17,10.94,10,10,-1,-2,54.1,14.21,10.83,2.39,1,10.91,194,1.000,0.00,0.00,3024,3,9.5,29.79,32,52,13.6,9.361,205,6180,275.00,0,0,0,0,1.000,9.98,100.0,7.549,0
8.178,7.8,-1.17,11.01,10,10,-1,-2,10.3,14.21,10.77,2.40,1,10.88,194,1.000,0.00,0.00,2931,3,9.0,30.64,32,52,13.6,9.368,205,6188,3.86,0,0,0,0,1.000,4.40,17.6,7.592,0
8.201,7.8,-1.17,10.92,10,10,-1,-2,0.0,14.21,10.40,2.39,1,10.88,194,1.000,0.00,0.00,2826,3,9.5,30.00,32,52,13.6,9.202,205,6192,0.00,0,0,0,0,1.000,-9.82,14.2,8.616,0
8.221,7.8,-1.17,10.91,10,10,-1,-2,0.0,14.21,9.46,2.25,1,10.91,194,1.000,0.00,0.00,2859,3,9.5,29.76,32,52,13.6,8.855,205,6192,0.00,0,0,0,0,1.000,-9.82,14.2,10.178,0
8.238,7.8,-1.17,10.85,10,10,-1,-2,0.0,14.21,3.79,2.00,1,11.04,194,1.000,0.00,0.00,1845,3,-20.0,30.67,32,52,13.6,8.415,205,6217,0.00,0,0,0,0,1.000,-9.82,14.2,11.399,0
8.251,7.0,-1.17,10.85,10,10,0,-2,0.0,14.21,0.97,1.75,1,11.04,194,1.000,0.00,0.00,1152,3,-19.0,32.90,32,52,13.8,7.917,205,6123,0.00,0,0,0,0,1.000,-9.82,14.2,11.431,0
8.264,7.0,-1.17,10.99,10,10,0,-2,0.0,14.21,-0.32,1.21,1,12.63,194,1.000,0.00,0.00,594,3,-18.5,28.84,32,52,14.1,7.510,205,5945,0.00,0,0,0,0,1.000,-9.82,8.7,10.438,0
8.288,-9.4,-1.17,11.14,10,11,1,-2,0.0,14.21,-5.20,0.82,1,14.53,194,1.000,0.00,0.00,496,3,-21.5,18.05,32,52,14.1,3.747,205,5870,0.00,0,0,0,0,1.000,-9.82,8.6,9.053,0
8.301,-9.4,-1.17,11.75,10,11,1,-2,0.0,14.21,-6.23,0.74,1,14.53,194,1.000,0.00,0.00,523,3,-21.5,17.97,32,52,14.2,3.381,205,5845,0.00,0,0,0,0,1.000,-9.82,8.5,8.419,0
8.324,-8.6,-1.17,12.40,11,11,1,-1,0.0,14.21,-7.50,0.59,1,14.53,194,1.000,0.00,0.00,441,3,-21.5,13.13,32,52,14.4,1.982,205,5787,0.00,0,0,0,0,1.000,-9.82,8.4,7.180,0
8.344,-8.6,-1.17,12.88,11,11,1,-1,0.0,14.21,-9.03,0.48,1,14.53,194,1.000,0.00,0.00,518,3,-21.0,11.09,32,52,14.5,3.006,205,5727,0.00,0,0,0,0,1.000,-9.83,8.0,5.843,0
8.357,-8.6,-1.17,13.24,11,11,1,-1,0.0,14.21,-9.29,0.43,1,14.53,194,1.000,0.00,0.00,540,3,-21.0,8.99,32,52,14.6,1.966,205,5703,0.00,0,0,0,0,1.000,-9.83,8.3,5.208,0
8.381,-2.3,-1.17,14.04,11,12,2,-1,0.0,14.21,-9.73,0.34,1,14.53,194,1.000,0.00,0.00,463,3,-19.0,7.32,32,52,14.8,3.737,205,5647,0.00,0,0,0,0,1.000,-9.83,8.2,4.060,0
8.399,-2.3,-1.17,14.18,11,12,2,-1,0.0,14.21,-10.45,0.28,1,14.53,194,1.000,0.00,0.00,398,3,-17.5,5.94,32,52,14.9,4.917,205,5570,0.00,0,0,0,0,1.000,-9.83,8.1,3.180,0
8.413,1.6,-1.17,14.14,12,12,2,-1,0.0,14.21,-10.76,0.26,1,14.53,192,1.000,0.00,0.00,346,3,-17.0,5.63,32,52,14.9,2.066,205,5544,0.00,0,0,0,0,1.000,-9.83,8.1,3.173,0
8.434,1.6,-1.17,14.29,12,12,2,-1,0.0,14.21,-11.06,0.23,1,14.53,192,1.000,0.00,0.00,352,3,-16.5,5.59,32,52,14.9,1.617,205,5498,0.00,0,0,0,0,1.000,-9.83,8.1,2.985,0
8.444,1.6,-1.17,14.26,12,12,2,-1,0.0,14.21,-11.01,0.22,1,14.53,192,1.000,0.00,0.00,310,3,-16.5,5.20,32,52,14.9,2.913,205,5473,0.00,0,0,0,0,1.000,-9.83,8.1,2.802,0
8.470,1.6,-1.17,14.70,12,12,2,-1,0.0,14.21,-11.49,0.20,1,14.53,192,1.000,0.00,0.00,334,3,-16.0,4.50,32,52,14.9,5.951,205,5425,0.00,0,0,0,0,1.000,-9.83,8.1,2.350,0
8.498,5.5,-1.17,14.63,12,12,2,-1,0.0,14.21,-11.44,0.17,1,14.53,192,1.000,0.00,0.00,256,3,-15.5,4.91,32,54,14.9,4.967,205,5351,0.00,0,0,0,0,1.000,-9.83,8.0,1.819,0
8.513,5.5,-1.17,14.36,12,12,2,-1,0.0,14.21,-11.64,0.17,1,14.53,192,1.000,0.00,0.00,317,3,-13.5,4.02,32,54,15.1,1.550,205,5309,0.00,0,0,0,0,1.000,-9.83,8.0,1.422,0
8.528,2.3,-1.17,13.99,12,12,2,-2,0.0,14.21,-11.70,0.16,1,14.53,192,1.000,0.00,0.00,281,3,-12.5,3.59,32,54,15.1,1.697,205,5264,0.00,0,0,0,0,1.000,-9.83,7.9,1.141,0
8.540,2.3,-1.17,14.08,12,12,2,-2,0.0,14.21,-11.61,0.16,1,14.53,192,1.000,0.00,0.00,325,3,-11.0,3.58,32,54,15.1,5.005,205,5249,0.00,0,0,0,0,1.000,-9.83,7.9,0.964,0
8.554,0.8,-1.17,14.29,13,13,2,-1,0.0,14.21,-11.87,0.14,1,14.53,192,1.000,0.00,0.00,315,3,-9.5,3.34,32,54,15.1,5.588,205,5200,0.00,0,0,0,0,1.000,-9.83,7.8,0.738,0
8.577,0.8,-1.17,14.66,13,13,2,-1,0.0,14.21,-11.81,0.14,1,14.53,192,1.000,0.00,0.00,252,3,-9.0,3.27,32,54,15.2,3.897,205,5174,0.00,0,0,0,0,1.000,-9.83,7.8,0.738,0
8.589,0.8,-1.17,15.21,13,13,2,-1,0.0,14.21,-11.87,0.14,1,14.53,192,1.000,0.00,0.00,276,3,-8.5,3.45,32,54,15.2,1.629,205,5134,0.00,0,0,0,0,1.000,-9.83,7.6,0.732,0
8.613,0.0,-1.17,15.20,13,12,2,-1,0.0,14.21,-11.91,0.12,0,14.70,192,1.000,0.00,0.00,285,3,-8.0,3.42,32,54,15.2,2.780,205,5095,0.00,0,0,0,0,1.000,-9.83,7.5,0.732,0
8.626,0.0,-1.17,18.05,13,12,2,-1,0.0,14.21,-12.08,0.12,0,14.70,192,1.000,0.00,0.00,280,3,-7.0,2.77,32,54,15.2,5.098,205,5048,0.00,0,0,0,0,1.000,-9.83,7.4,0.732,0
8.649,0.0,-1.17,15.34,13,12,2,-1,0.0,14.21,-11.88,0.12,0,14.70,192,1.000,0.00,0.00,294,4,-6.0,2.73,32,54,15.2,4.562,205,5003,0.00,0,0,0,0,1.000,-9.83,7.4,0.732,0
8.666,0.0,-1.17,15.60,13,12,2,-1,0.0,14.21,-12.13,0.12,0,14.70,192,1.000,0.00,0.00,296,4,-6.0,2.72,32,54,15.2,3.042,205,4984,0.00,0,0,0,0,1.000,-9.83,7.3,0.732,0
8.688,0.0,-1.17,15.75,13,12,2,-1,0.0,14.21,-12.20,0.12,0,14.70,192,1.000,0.00,0.00,276,4,-4.5,2.57,32,54,15.2,1.921,205,4921,0.00,0,0,0,0,1.000,-9.83,7.1,0.738,0
8.701,0.0,-1.17,15.77,13,12,2,-1,0.0,14.21,-12.03,0.12,0,14.70,192,1.000,0.00,0.00,300,4,-4.5,2.56,32,54,15.2,2.348,205,4906,0.00,0,0,0,0,1.000,-9.83,7.1,0.732,0
8.726,0.0,-1.17,16.12,13,12,2,-1,0.0,14.21,-12.26,0.11,0,14.70,192,1.000,0.00,0.00,336,4,-3.5,2.38,32,54,15.2,3.272,205,4860,0.00,0,0,0,0,1.000,-9.83,7.0,0.732,0
8.749,0.0,-1.17,17.61,13,12,2,-1,11.5,14.21,-12.14,0.11,0,14.70,192,1.000,0.00,0.00,259,4,-3.0,2.48,32,54,15.2,2.272,205,4803,16.05,0,0,0,0,1.000,-9.64,16.3,0.738,0
8.762,0.0,-1.17,17.77,13,12,2,-1,16.5,14.21,-12.22,0.11,0,14.70,192,1.000,0.00,0.00,460,4,31.5,2.31,32,54,15.2,2.369,205,4781,29.94,0,0,0,0,1.000,-9.10,18.8,0.738,0
8.789,0.0,-1.17,20.79,13,12,2,-1,26.1,14.21,-11.78,0.14,0,14.70,192,1.000,0.00,0.00,1000,4,22.0,2.29,34,54,15.2,4.515,205,4749,67.31,0,0,0,0,1.000,-7.67,22.4,0.951,0
8.803,0.0,-1.17,18.17,12,12,1,-1,39.2,14.21,-9.17,0.28,0,14.70,192,1.000,0.00,0.00,920,4,12.0,2.51,34,54,15.2,5.848,205,4702,173.14,0,0,0,0,1.000,-4.02,30.7,2.865,0
8.832,0.0,-1.17,18.71,12,12,1,-1,43.9,14.21,-8.53,0.34,0,14.70,192,1.000,0.00,0.00,1019,4,10.0,5.52,34,54,15.2,6.147,205,4685,233.96,0,0,0,0,1.000,-1.77,36.4,3.652,0
8.849,0.0,-1.17,18.28,7,8,1,-1,56.6,14.21,-4.16,0.73,0,14.70,192,1.000,0.00,0.00,2353,4,5.5,7.07,34,54,15.2,6.843,205,4618,282.65,0,0,0,0,1.000,4.14,71.8,5.637,0
8.863,0.0,-1.17,16.37,7,8,1,-1,64.0,14.21,-1.12,1.19,0,14.70,192,1.000,0.00,0.00,3295,4,4.5,7.37,34,54,15.2,7.876,205,4600,303.20,0,0,0,0,1.000,5.94,100.0,5.524,0
8.890,0.0,-1.17,15.29,2,4,-2,-2,68.2,14.21,-0.03,1.43,0,14.70,192,1.000,0.00,0.00,3246,4,4.5,7.38,34,54,15.2,7.948,205,4602,314.66,0,0,0,0,1.000,6.85,100.0,4.909,0
8.908,0.0,-1.17,15.15,2,4,-2,-2,84.0,14.21,1.19,1.60,0,14.53,192,1.000,0.00,0.00,2955,4,4.0,11.63,34,52,15.2,7.954,205,4643,347.79,0,0,0,0,1.000,12.64,100.0,3.297,0
8.921,0.0,-1.17,14.62,3,4,-8,-5,89.7,14.21,1.14,1.68,0,14.53,192,1.000,0.00,0.00,2919,4,2.0,11.75,34,52,15.2,7.975,205,4657,348.93,0,0,0,0,1.000,13.44,100.0,3.216,0
8.937,0.0,-1.17,14.00,3,4,-8,-5,99.5,14.21,1.94,1.71,0,14.53,192,1.000,0.00,0.00,2971,4,2.5,11.75,34,52,15.2,7.946,205,4657,349.94,0,0,0,0,1.000,13.44,100.0,3.192,0
8.954,-2.3,-1.17,13.83,3,4,-10,-6,100.0,14.21,2.06,1.72,0,14.47,192,1.000,0.00,0.00,3056,4,3.0,11.45,34,52,15.2,8.013,205,4632,350.00,0,0,0,0,1.000,13.44,100.0,2.936,0
8.968,-2.3,-1.17,13.85,3,4,-10,-6,100.0,14.21,2.80,1.78,0,14.47,192,1.000,0.00,0.00,2809,4,2.5,11.23,34,52,15.2,8.054,205,4618,350.00,0,0,0,0,1.000,13.44,100.0,2.771,0
8.994,-2.3,-1.17,13.92,3,4,-10,-6,100.0,14.21,2.72,1.80,0,14.47,192,1.000,0.00,0.00,2755,4,2.0,11.16,34,52,15.2,8.087,205,4589,350.00,0,0,0,0,1.000,13.44,100.0,2.466,0
9.012,-2.3,-1.17,14.28,3,3,-9,-5,100.0,14.21,3.70,1.85,1,14.47,192,1.000,0.00,0.00,2897,4,1.0,11.66,34,52,15.2,8.151,205,4564,350.00,0,0,0,0,1.000,13.44,100.0,2.173,0
9.021,-2.3,-1.17,14.34,3,3,-9,-5,100.0,14.21,3.96,1.88,1,14.25,192,1.000,0.00,0.00,2884,4,0.5,12.14,34,52,15.2,8.234,205,4562,350.00,0,0,0,0,1.000,13.44,100.0,2.020,0
9.054,1.6,-1.17,14.32,3,4,-5,-3,100.0,14.21,4.59,1.92,1,14.20,192,1.000,0.00,0.00,2859,4,0.0,12.21,34,52,15.2,8.312,205,4589,350.00,0,0,0,0,1.000,13.44,100.0,1.752,0
9.066,1.6,-1.17,14.42,3,4,-5,-3,100.0,14.21,5.62,2.02,1,13.68,192,1.000,0.00,0.00,2713,4,1.5,12.97,34,52,15.2,8.480,205,4627,350.00,0,0,0,0,1.000,13.44,100.0,1.355,0
9.081,4.7,-1.17,14.38,4,5,-1,1,100.0,14.21,6.25,2.13,1,13.49,192,1.000,0.00,0.00,2929,4,4.0,14.89,34,52,15.2,8.609,205,4678,350.00,0,0,0,0,1.000,13.44,100.0,1.141,0
9.109,4.7,-1.17,13.99,4,5,-1,1,100.0,14.21,6.60,2.17,1,13.16,192,1.000,0.00,0.00,2914,4,6.5,16.79,34,52,15.2,8.680,205,4723,350.00,0,0,0,0,1.000,13.44,100.0,0.982,0
9.124,8.6,-1.17,13.12,5,6,3,5,100.0,14.21,7.60,2.27,1,12.42,192,1.000,0.00,0.00,2697,4,6.5,19.16,34,52,15.2,8.859,205,4737,350.00,0,0,0,0,1.000,13.44,100.0,0.884,0
9.153,8.6,-1.17,12.87,5,6,3,5,100.0,14.21,7.38,2.36,1,12.10,192,1.000,0.00,0.00,2938,4,6.0,19.05,34,52,15.2,8.900,205,4709,350.00,0,0,0,0,1.000,13.44,100.0,0.866,0
9.171,8.6,-1.17,12.32,6,6,8,8,100.0,14.21,8.17,2.40,1,11.91,192,1.000,0.00,0.00,2778,4,7.0,19.63,34,52,15.2,8.984,205,4648,350.00,0,0,0,0,1.000,13.44,100.0,0.860,0
9.202,8.6,-1.17,11.43,6,6,8,8,100.0,14.21,10.50,2.51,1,11.72,192,1.000,0.00,0.00,2853,4,6.0,20.43,34,52,15.2,9.084,205,4616,350.00,0,0,0,0,1.000,13.44,100.0,0.866,0
9.206,4.7,-1.17,11.34,6,7,11,12,100.0,14.21,10.93,2.59,1,11.69,192,1.000,0.00,0.00,2956,4,4.5,21.23,34,52,15.2,9.151,205,4620,350.00,0,0,0,0,1.000,13.44,100.0,1.287,0
9.221,4.7,-1.17,11.08,6,7,11,12,100.0,14.21,11.85,2.62,1,11.51,192,1.000,0.00,0.00,2985,4,4.0,21.29,34,52,15.2,9.184,205,4634,350.00,0,0,0,0,1.000,13.44,100.0,1.664,0
9.238,3.9,-1.17,11.35,7,8,15,14,100.0,14.21,12.77,2.70,1,11.44,192,1.000,0.00,0.00,2884,4,3.5,22.32,34,52,15.2,9.221,205,4671,350.00,0,0,0,0,1.000,13.44,100.0,2.306,0
9.251,3.9,-1.17,11.44,7,8,15,14,100.0,14.21,11.99,2.75,1,11.33,192,1.000,0.00,0.00,2895,4,3.0,24.15,34,52,15.2,9.224,205,4699,350.00,0,0,0,0,1.000,13.44,100.0,3.123,0
9.281,3.9,-1.17,11.54,7,8,15,14,100.0,14.21,13.15,2.79,1,11.33,192,1.000,0.00,0.00,2863,4,2.5,24.28,34,52,15.2,9.259,205,4725,350.00,0,0,0,0,1.000,13.44,100.0,3.842,0
9.299,6.2,-1.17,11.40,7,8,17,16,100.0,14.21,14.13,2.84,1,11.17,192,1.000,0.00,0.00,2765,4,3.0,24.73,34,52,15.2,9.248,205,4747,350.00,0,0,0,0,1.000,13.44,100.0,4.808,0
9.315,6.2,-1.17,11.35,7,8,17,16,100.0,14.21,14.52,2.87,1,11.17,192,1.000,0.00,0.00,2883,4,2.5,25.66,34,52,15.2,9.254,205,4742,350.00,0,0,0,0,1.000,13.44,100.0,5.077,0
9.327,7.0,-1.17,11.21,8,9,18,19,100.0,14.21,13.73,2.85,1,11.13,192,1.000,0.00,0.00,2965,4,2.5,25.99,34,52,15.2,9.187,205,4711,350.00,0,0,0,0,1.000,13.44,100.0,5.754,0
9.350,7.0,-1.17,11.10,8,9,18,19,100.0,14.21,14.67,2.89,1,11.07,192,1.000,0.00,0.00,2976,4,2.5,25.94,34,52,15.2,9.218,205,4702,350.00,0,0,0,0,1.000,13.44,100.0,6.144,0
9.370,6.2,-1.17,11.22,9,10,18,19,100.0,14.21,15.09,2.92,1,11.07,192,1.000,0.00,0.00,2862,4,2.5,27.02,34,52,15.2,9.197,205,4695,350.00,0,0,0,0,1.000,13.44,100.0,6.359,0
9.393,6.2,-1.17,11.22,9,10,18,19,100.0,14.21,15.10,2.92,1,11.07,192,1.000,0.00,0.00,2817,4,2.0,26.72,34,52,15.2,9.177,205,4706,350.00,0,0,0,0,1.000,13.44,100.0,6.634,0
9.416,7.0,-1.17,11.21,10,10,17,19,100.0,14.21,15.41,2.90,1,11.07,192,1.000,0.00,0.00,2769,4,2.0,26.66,34,52,15.2,9.154,205,4723,350.00,0,0,0,0,1.000,13.44,100.0,7.219,0
9.429,7.0,-1.17,11.05,10,10,17,19,100.0,14.21,15.17,2.90,1,11.07,192,1.000,0.00,0.00,2923,4,2.0,26.67,34,52,15.2,9.105,205,4744,350.00,0,0,0,0,1.000,13.44,100.0,7.111,0
9.443,6.2,-1.17,11.16,10,10,16,19,100.0,14.21,15.39,2.89,1,11.07,192,1.000,0.00,0.00,2892,4,2.5,26.70,34,52,15.2,9.116,205,4749,350.00,0,0,0,0,1.000,13.44,100.0,6.982,0
9.478,6.2,-1.17,11.21,10,10,16,19,61.8,14.21,14.38,2.90,1,11.07,192,1.000,0.00,0.00,2956,4,2.0,26.64,34,52,15.2,9.113,205,4759,294.91,0,0,0,0,1.000,12.34,100.0,7.287,0
9.497,7.0,-1.17,11.33,10,10,16,18,25.7,14.21,14.72,2.89,1,11.07,192,1.000,0.00,0.00,2840,4,2.5,26.82,34,52,15.2,9.106,205,4744,220.16,0,0,0,0,1.000,0.94,35.9,7.446,0
9.510,7.0,-1.17,11.33,10,10,16,18,0.0,14.21,13.91,2.75,1,11.07,192,1.000,0.00,0.00,2745,4,3.5,26.80,34,52,15.2,8.687,205,4761,191.16,0,0,0,0,1.000,-0.17,32.7,8.591,0
9.533,7.8,-1.17,11.23,9,10,15,18,0.0,14.21,12.90,2.53,1,11.07,192,1.000,0.00,0.00,2880,4,5.0,26.83,32,52,15.2,8.279,205,4766,162.16,0,0,0,0,1.000,-1.54,33.5,10.256,0
9.546,7.8,-1.17,11.27,9,10,15,18,0.0,14.21,10.21,2.45,1,11.20,192,1.000,0.00,0.00,2942,4,5.5,23.65,34,52,15.2,8.195,205,4769,147.66,0,0,0,0,1.000,-2.32,31.8,10.935,0
9.566,3.9,-1.17,11.22,10,10,15,17,0.0,14.21,8.66,2.22,1,11.44,192,1.000,0.00,0.00,2017,4,7.0,24.25,34,52,15.2,8.058,205,4752,118.66,0,0,0,0,1.000,-3.76,28.7,11.431,0
9.579,3.9,-1.17,11.68,10,10,15,17,0.0,14.21,6.52,2.00,1,11.80,192,1.000,0.00,0.00,1343,4,7.0,24.15,34,52,15.2,7.769,205,4732,83.01,0,0,0,0,1.000,-5.23,25.1,10.421,0
9.592,3.9,-1.17,11.71,10,10,15,17,0.0,14.21,5.32,1.88,1,11.80,192,1.000,0.00,0.00,864,4,7.0,24.76,34,52,15.2,7.327,205,4718,65.29,0,0,0,0,1.000,-6.04,23.4,9.713,0
9.609,-3.1,-1.17,12.47,10,11,14,15,0.0,14.21,3.59,1.71,1,12.67,192,1.000,0.00,0.00,610,4,7.5,29.43,32,52,15.2,7.212,205,4706,30.09,0,0,0,0,1.000,-7.65,19.5,8.449,0
9.623,-3.1,-1.17,12.89,10,11,14,15,0.0,14.21,1.26,1.54,1,13.84,192,1.000,0.00,0.00,463,4,7.5,29.28,34,52,15.2,6.558,205,4683,0.00,0,0,0,0,1.000,-9.25,12.8,7.253,0
9.652,-2.3,-1.17,13.17,11,11,11,9,0.0,14.21,0.03,1.46,1,14.31,192,1.000,0.00,0.00,581,4,6.5,23.38,32,52,15.2,5.649,205,4680,0.00,0,0,0,0,1.000,-9.82,12.7,6.600,0
9.673,-2.3,-1.17,13.40,11,11,11,9,0.0,14.21,-4.07,1.09,1,14.47,192,1.000,0.00,0.00,609,4,6.5,15.21,34,52,15.2,5.274,205,4678,0.00,0,0,0,0,1.000,-9.82,12.8,4.780,0
9.687,-2.3,-1.17,13.00,12,12,6,4,0.0,14.21,-5.19,1.01,1,14.53,192,1.000,0.00,0.00,564,4,6.0,15.23,34,52,15.2,2.717,206,4685,0.00,0,0,0,0,1.000,-9.82,12.8,4.280,0
9.712,-2.3,-1.17,13.19,12,12,6,4,0.0,14.21,-6.13,0.84,1,14.53,192,1.000,0.00,0.00,541,4,6.5,14.37,34,52,15.2,2.713,206,4697,0.00,0,0,0,0,1.000,-9.83,12.8,3.535,0
9.729,-4.7,-1.17,13.33,12,13,2,-3,0.0,14.21,-7.11,0.70,1,14.53,192,1.000,0.00,0.00,528,4,6.5,11.08,34,52,15.2,5.197,206,4728,0.00,0,0,0,0,1.000,-9.83,12.9,3.149,0
9.743,-4.7,-1.17,13.40,12,13,2,-3,0.0,14.21,-7.94,0.62,1,14.53,192,1.000,0.00,0.00,486,4,7.0,10.21,34,52,15.2,4.424,206,4735,0.00,0,0,0,0,1.000,-9.83,12.9,2.844,0
9.773,-5.5,-1.17,13.45,12,13,-1,-5,0.0,14.21,-8.18,0.59,1,14.53,192,1.000,0.00,0.00,498,4,7.5,8.62,34,52,15.2,3.217,206,4737,0.00,0,0,0,0,1.000,-9.83,12.9,2.673,0
9.803,-5.5,-1.17,13.52,12,13,-1,-5,0.0,14.21,-8.69,0.51,1,14.53,192,1.000,0.00,0.00,465,4,8.0,8.58,34,52,15.2,3.706,206,4730,0.00,0,0,0,0,1.000,-9.83,12.9,2.070,0
9.820,-6.2,-1.17,13.52,12,13,-2,-5,0.0,14.21,-9.32,0.45,1,14.53,192,1.000,0.00,0.00,458,4,8.5,7.05,34,52,15.2,4.294,206,4723,0.00,0,0,0,0,1.000,-9.83,12.9,1.453,0
9.833,-6.2,-1.17,13.47,12,13,-2,-5,0.0,14.21,-9.30,0.43,1,14.53,192,1.000,0.00,0.00,458,4,9.5,7.05,34,52,15.2,3.891,206,4721,0.00,0,0,0,0,1.000,-9.83,12.9,1.270,0
9.846,-7.0,-1.17,13.54,12,13,-2,-5,0.0,14.21,-9.36,0.40,1,14.53,192,1.000,0.00,0.00,376,4,10.0,7.19,34,52,15.2,3.630,206,4711,0.00,0,0,0,0,1.000,-9.83,12.9,0.977,0
9.860,-7.0,-1.17,13.50,12,13,-2,-5,0.0,14.21,-9.46,0.39,1,14.53,192,1.000,0.00,0.00,399,4,11.0,7.17,34,52,15.2,3.664,206,4704,0.00,0,0,0,0,1.000,-9.83,12.9,0.879,0
9.883,-7.8,-1.17,13.55,12,13,-1,-4,0.0,14.21,-9.52,0.37,1,14.53,192,1.000,0.00,0.00,441,4,12.5,6.00,34,52,15.2,4.085,206,4709,0.00,0,0,0,0,1.000,-9.83,12.9,0.811,0
9.899,-7.8,-1.17,13.73,12,13,-1,-4,0.0,14.21,-9.88,0.34,1,14.53,192,1.000,0.00,0.00,382,4,14.0,6.00,34,52,15.2,3.844,206,4709,0.00,0,0,0,0,1.000,-9.83,12.9,0.811,0
9.913,-7.0,-1.17,13.83,12,13,-1,-4,0.0,14.21,-9.86,0.33,1,14.53,192,1.000,0.00,0.00,399,4,14.5,5.45,34,52,15.2,4.027,206,4702,0.00,0,0,0,0,1.000,-9.83,12.9,0.805,0
9.936,-7.0,-1.17,13.91,12,13,-1,-4,0.0,14.21,-9.92,0.33,1,14.53,192,1.000,0.00,0.00,394,4,16.0,5.45,34,52,15.2,3.776,206,4702,0.00,0,0,0,0,1.000,-9.83,12.9,0.805,0
9.949,-7.0,-1.17,14.21,12,13,-1,-4,0.0,14.21,-10.21,0.31,1,14.53,192,1.000,0.00,0.00,370,4,17.0,5.05,34,52,15.2,3.994,206,4706,0.00,0,0,0,0,1.000,-9.83,12.9,0.805,0
9.973,-6.2,-1.17,14.35,12,12,-1,-3,0.0,14.21,-10.36,0.29,1,14.53,192,1.000,0.00,0.00,386,4,18.0,5.01,34,52,15.2,4.318,206,4702,0.00,0,0,0,0,1.000,-9.83,12.9,0.805,0
10.003,-6.2,-1.17,14.36,12,12,-1,-3,0.0,14.21,-10.12,0.28,1,14.53,192,1.000,0.00,0.00,395,4,18.5,5.02,34,52,15.2,4.057,206,4704,0.00,0,0,0,0,1.000,-9.83,12.9,0.805,0
10.012,-4.7,-1.17,14.60,12,13,-1,-2,0.0,14.21,-10.19,0.28,1,14.53,190,1.000,0.00,0.00,325,4,19.5,4.97,34,52,15.2,4.079,206,4699,0.00,0,0,0,0,1.000,-9.83,12.8,0.805,0
10.030,-4.7,-1.17,14.80,12,13,-1,-2,0.0,14.21,-10.43,0.26,1,14.53,190,1.000,0.00,0.00,383,4,20.0,4.97,34,52,15.2,4.044,206,4699,0.00,0,0,0,0,1.000,-9.83,12.8,0.805,0
10.052,-3.1,-1.17,15.08,13,12,0,-2,0.0,14.21,-10.54,0.26,1,14.53,190,1.000,0.00,0.00,357,4,20.5,4.67,34,52,15.2,4.014,206,4704,0.00,0,0,0,0,1.000,-9.83,12.9,0.805,0
10.070,-3.1,-1.17,15.18,13,12,0,-2,0.0,14.21,-10.47,0.25,1,14.53,190,1.000,0.00,0.00,328,4,21.5,5.23,34,52,15.2,4.397,206,4702,0.00,0,0,0,0,1.000,-9.83,12.9,0.805,0
10.093,-1.6,-1.17,15.52,13,12,0,-2,0.0,14.21,-10.65,0.25,1,14.53,190,1.000,0.00,0.00,289,4,22.0,5.24,34,50,15.2,4.106,206,4709,0.00,0,0,0,0,1.000,-9.83,12.9,0.805,0
10.106,-1.6,-1.17,15.69,13,12,0,-2,0.0,14.21,-10.68,0.25,1,14.53,190,1.000,0.00,0.00,392,4,22.5,4.67,34,50,15.2,4.091,206,4709,0.00,0,0,0,0,1.000,-9.83,12.9,0.805,0
10.130,0.8,-1.17,15.65,13,13,0,-1,0.0,14.21,-10.67,0.25,1,14.53,190,1.000,0.00,0.00,345,4,23.0,4.78,34,50,15.2,4.408,206,4709,0.00,0,0,0,0,1.000,-9.83,12.9,0.805,0
